sample,model,n_parameters,pmid,e.cum,delta_e.cum,ct,dt,air.temp,wind.2m,rain.rate,prediction_ecum,prediction_delta_ecum,running_time
6,1,570474,186,4.7615,4.7615,3.15,3.15,17.48,3.7,0.0,6.4917865,6.4917865,267.59100516637164
6,1,570474,186,6.156,1.3945,19.85,16.7,11.47,2.57,0.0,8.48226,1.9904733,267.59100516637164
6,1,570474,186,9.12,2.964,43.85,24.0,13.3,4.39,0.0,10.276167,1.7939074,267.59100516637164
6,1,570474,186,11.083,1.963,94.85,51.0,12.87,5.79,0.0,10.315333,0.039166037,267.59100516637164
6,1,570474,186,11.083,0.0,165.85,71.0,9.15,5.12,0.20845,10.354499,0.039166037,267.59100516637164
6,1,570474,194,1.8792,1.8792,4.0,4.0,18.24,6.78,0.0,9.833531,9.833531,267.59100516637164
6,1,570474,194,3.0557,1.1765,20.25,16.25,13.95,3.93,0.0,13.986195,4.1526637,267.59100516637164
6,1,570474,194,4.5353,1.4796,44.0,23.75,14.34,4.02,0.0,15.565828,1.5796336,267.59100516637164
6,1,570474,194,5.2265,0.691199999999999,92.0,48.0,13.1,2.84,0.0020833,16.55047,0.98464173,267.59100516637164
6,1,570474,194,5.2773,0.0508000000000006,164.5,72.5,10.67,3.52,0.049655,17.199736,0.64926594,267.59100516637164
6,1,570474,197,6.0246,6.0246,6.85,6.85,9.51,5.27,0.0,9.312073,9.312073,267.59100516637164
6,1,570474,197,7.2418,1.2172,23.85,17.0,4.4,2.48,0.0,10.643568,1.3314953,267.59100516637164
6,1,570474,197,7.2418,0.0,47.15,23.3,10.08,7.59,0.0,13.615808,2.9722393,267.59100516637164
6,1,570474,197,9.6718,2.43,95.75,48.6,8.76,4.43,0.0,14.249018,0.63321,267.59100516637164
6,1,570474,197,15.272,5.6002,172.05,76.3,11.54,6.09,0.0,16.65541,2.4063926,267.59100516637164
6,1,570474,928,1.11,1.11,1.0,1.0,17.5,4.6219,0.2,0.96216595,0.96216595,267.59100516637164
6,1,570474,928,2.524,1.414,3.0,2.0,17.5,4.6219,0.0,2.4093964,1.4472305,267.59100516637164
6,1,570474,928,3.781,1.257,6.0,3.0,17.5,4.6219,0.0,3.4148455,1.005449,267.59100516637164
6,1,570474,928,7.6456,3.8646,23.083,17.083,13.8,2.8874,0.30409,4.504252,1.0894066,267.59100516637164
6,1,570474,928,7.5404,-0.1052,49.367,26.284,8.7,5.7544,0.11407,4.543418,0.039166037,267.59100516637164
6,1,570474,928,8.4543,0.9139,97.417,48.05,10.4,5.0402,0.10395,4.5825844,0.039166037,267.59100516637164
6,1,570474,928,8.0277,-0.426600000000001,144.83,47.413,13.6,2.1732,0.080169,4.6217504,0.039166037,267.59100516637164
6,1,570474,930,0.192,0.192,1.0,1.0,10.2,1.1529,0.0,0.45880458,0.45880458,267.59100516637164
6,1,570474,930,0.852,0.66,3.0833,2.0833,10.2,1.6223,0.0,0.9930438,0.5342392,267.59100516637164
6,1,570474,930,1.5811,0.7291,6.0833,3.0,10.2,2.3059,0.0,1.8035407,0.81049687,267.59100516637164
6,1,570474,930,3.5971,2.016,24.167,18.0837,8.1,2.0406,0.0,4.438365,2.6348243,267.59100516637164
6,1,570474,930,6.7387,3.1416,48.167,24.0,7.7,3.8975,0.042017,9.746334,5.3079696,267.59100516637164
6,1,570474,930,8.0827,1.344,96.0,47.833,6.8,4.3056,0.070833,12.789009,3.0426743,267.59100516637164
6,1,570474,930,8.4867,0.404,143.83,47.83,5.3,3.0915,0.0,14.181927,1.3929178,267.59100516637164
6,1,570474,933,3.621,3.621,1.0,1.0,14.6,3.4996,1.8,2.8025544,2.8025544,267.59100516637164
6,1,570474,933,5.947,2.326,3.0,2.0,14.6,3.4996,0.0,4.773074,1.9705195,267.59100516637164
6,1,570474,933,7.4673,1.5203,6.1667,3.1667,14.6,3.4996,0.0,5.6371145,0.8640406,267.59100516637164
6,1,570474,933,15.425,7.9577,24.75,18.5833,17.1,4.1934,0.17347,8.675669,3.0385537,267.59100516637164
6,1,570474,933,17.831,2.406,48.667,23.917,20.4,5.6116,0.0,8.714834,0.039166037,267.59100516637164
6,1,570474,933,20.823,2.992,95.283,46.616,20.2,3.6832,0.87273,9.552013,0.83717906,267.59100516637164
6,1,570474,933,20.871,0.0479999999999983,143.4,48.117,19.0,4.2546,0.099174,9.59118,0.039166037,267.59100516637164
6,1,570474,939,4.663,4.663,1.0,1.0,14.6,3.4996,1.8,2.7714376,2.7714376,267.59100516637164
6,1,570474,939,7.523,2.86,3.0,2.0,14.6,3.4996,0.0,4.724342,1.9529041,267.59100516637164
6,1,570474,939,9.443,1.92,6.0,3.0,14.6,3.4996,0.0,5.5558367,0.8314947,267.59100516637164
6,1,570474,939,13.343,3.9,24.5,18.5,17.1,4.1934,0.17347,8.597589,3.0417523,267.59100516637164
6,1,570474,939,13.489,0.146000000000001,48.333,23.833,20.4,5.6116,0.0,8.636755,0.039166037,267.59100516637164
6,1,570474,939,14.564,1.075,96.2,47.867,20.2,3.6832,0.85714,9.525405,0.88865036,267.59100516637164
6,1,570474,939,15.177,0.613,143.5,47.3,19.0,4.2546,0.10191,9.564571,0.039166037,267.59100516637164
6,1,570474,941,5.46,5.46,1.0,1.0,16.3,8.1827,0.2,4.5220375,4.5220375,267.59100516637164
6,1,570474,941,7.926,2.466,3.0,2.0,16.3,8.1317,0.0,6.421782,1.8997445,267.59100516637164
6,1,570474,941,8.154,0.228,6.0,3.0,16.3,7.2134,0.0,6.9248257,0.50304365,267.59100516637164
6,1,570474,941,9.1971,1.0431,24.25,18.25,17.6,3.6832,0.10929,7.4260187,0.5011933,267.59100516637164
6,1,570474,941,9.3429,0.145799999999999,48.5,24.25,17.3,5.4994,0.0,8.22768,0.8016617,267.59100516637164
6,1,570474,941,9.6087,0.2658,92.75,44.25,13.5,3.7343,0.12641,8.266847,0.039166037,267.59100516637164
6,1,570474,941,11.429,1.8203,141.92,49.17,17.9,4.4893,0.0,9.694127,1.4272804,267.59100516637164
6,1,570474,946,1.028,1.028,1.0,1.0,10.0,9.6927,0.0,1.3535699,1.3535699,267.59100516637164
6,1,570474,946,1.802,0.774,3.0,2.0,10.0,9.6927,0.0,3.2945561,1.9409864,267.59100516637164
6,1,570474,946,2.4432,0.6412,5.75,2.75,10.0,9.6927,0.0,4.629068,1.3345116,267.59100516637164
6,1,570474,946,4.9453,2.5021,24.833,19.083,7.0,10.458,0.0,8.884785,4.255717,267.59100516637164
6,1,570474,946,7.1809,2.2356,49.083,24.25,8.0,5.1014,0.0,10.7912445,1.9064597,267.59100516637164
6,1,570474,946,9.6064,2.4255,93.167,44.084,3.5,4.0812,0.077098,13.1368,2.3455553,267.59100516637164
6,1,570474,946,10.915,1.3086,147.33,54.163,9.5,4.8464,0.0,14.213963,1.077163,267.59100516637164
6,1,570474,947,0.57,0.57,1.0833,1.0833,14.0,16.1,2.4,0.9918049,0.9918049,267.59100516637164
6,1,570474,947,0.854,0.284,3.0833,2.0,14.0,15.814,0.0,2.734504,1.742699,267.59100516637164
6,1,570474,947,1.124,0.27,6.0833,3.0,14.0,16.784,0.0,3.6688056,0.9343018,267.59100516637164
6,1,570474,947,1.646,0.522,24.083,17.9997,14.0,5.6014,0.0,4.4678826,0.79907686,267.59100516637164
6,1,570474,947,1.31,-0.336,48.083,24.0,16.0,14.141,0.0,5.460352,0.99246955,267.59100516637164
6,1,570474,947,2.558,1.248,97.833,49.75,17.0,28.374,0.045833,6.955404,1.4950517,267.59100516637164
6,1,570474,947,2.8849,0.3269,145.17,47.337,13.5,21.457,0.025696,7.341784,0.3863802,267.59100516637164
6,1,570474,950,1.95,1.95,1.0,1.0,10.0,9.6927,0.0,1.3680638,1.3680638,267.59100516637164
6,1,570474,950,5.474,3.524,3.0,2.0,10.0,9.6927,0.0,3.3085275,1.9404637,267.59100516637164
6,1,570474,950,9.218,3.744,6.0,3.0,10.0,9.6927,0.0,4.673648,1.3651204,267.59100516637164
6,1,570474,950,14.773,5.555,25.667,19.667,7.0,10.458,0.0,8.939829,4.2661805,267.59100516637164
6,1,570474,950,16.158,1.385,50.0,24.333,8.0,5.1014,0.0,10.872373,1.9325442,267.59100516637164
6,1,570474,950,20.446,4.288,94.167,44.167,3.5,4.0812,0.076923,13.199289,2.3269162,267.59100516637164
6,1,570474,950,22.015,1.569,148.58,54.413,9.5,4.8464,0.0,14.233849,1.0345596,267.59100516637164
6,1,570474,963,1.914,1.914,1.0,1.0,10.0,9.6927,0.0,1.3660622,1.3660622,267.59100516637164
6,1,570474,963,4.394,2.48,3.0,2.0,10.0,9.6927,0.0,3.3024716,1.9364095,267.59100516637164
6,1,570474,963,6.152,1.758,6.0,3.0,10.0,9.6927,0.0,4.663851,1.3613789,267.59100516637164
6,1,570474,963,12.761,6.609,25.5,19.5,7.0,10.458,0.0,8.895695,4.2318444,267.59100516637164
6,1,570474,963,13.417,0.656000000000001,49.75,24.25,8.0,5.1014,0.0,10.816038,1.920343,267.59100516637164
6,1,570474,963,14.572,1.155,93.917,44.167,3.5,4.0812,0.12364,13.132652,2.3166142,267.59100516637164
6,1,570474,963,16.102,1.53,148.42,54.503,9.5,4.8464,0.0,14.168978,1.036326,267.59100516637164
6,1,570474,970,4.52,4.52,1.0167,1.0167,17.0,2.7548,2.2,3.3024397,3.3024397,267.59100516637164
6,1,570474,970,8.348,3.828,3.0167,2.0,17.0,2.7548,0.0,5.2964234,1.9939837,267.59100516637164
6,1,570474,970,9.938,1.59,6.0167,3.0,17.0,2.7548,0.0,6.2254148,0.9289912,267.59100516637164
6,1,570474,970,12.216,2.278,23.767,17.7503,14.0,3.8057,0.52809,7.72287,1.4974551,267.59100516637164
6,1,570474,970,13.311,1.095,47.517,23.75,16.0,4.071,0.02521,8.679678,0.95680773,267.59100516637164
6,1,570474,970,14.068,0.757,94.767,47.25,15.0,2.8874,0.054968,9.439907,0.7602299,267.59100516637164
6,1,570474,970,13.869,-0.199,144.6,49.833,16.0,2.1018,0.084337,9.479074,0.039166037,267.59100516637164
6,1,570474,1118,35.472,35.472,24.0,24.0,11.57,1.4036,0.0,24.382114,24.382114,267.59100516637164
6,1,570474,1118,39.864,4.392,48.0,24.0,14.15,1.5302,0.0,28.54935,4.1672354,267.59100516637164
6,1,570474,1118,40.992,1.128,72.0,24.0,18.18,1.6107,0.0,29.267654,0.7183044,267.59100516637164
6,1,570474,1118,42.729,1.737,168.5,96.5,13.18,1.2771,0.7171,29.30682,0.039166037,267.59100516637164
6,1,570474,1148,3.0608,3.0608,1.85,1.85,12.7,7.4,0.0,2.1398356,2.1398356,267.59100516637164
6,1,570474,1148,8.4688,5.408,5.85,4.0,13.2,7.3,0.025,4.895693,2.7558572,267.59100516637164
6,1,570474,1148,12.981,4.5122,23.9,18.05,6.7,3.77,0.01108,7.108239,2.2125466,267.59100516637164
6,1,570474,1148,15.458,2.477,50.817,26.917,10.3,3.72,0.0037152,8.714909,1.606669,267.59100516637164
6,1,570474,1148,16.038,0.58,72.3,21.483,11.6,5.14,0.30722,9.28929,0.5743824,267.59100516637164
6,1,570474,1148,17.051,1.013,144.72,72.42,10.7,2.93,0.022094,9.988836,0.6995452,267.59100516637164
6,1,570474,1148,17.308,0.257000000000001,168.03,23.31,11.4,2.53,0.03431,10.304495,0.31565928,267.59100516637164
6,1,570474,1159,0.363,0.363,1.5,1.5,13.35,2.0,0.0,2.2360287,2.2360287,267.59100516637164
6,1,570474,1159,1.1096,0.7466,5.45,3.95,12.57,2.32,0.0,3.499608,1.2635792,267.59100516637164
6,1,570474,1159,1.4639,0.3543,23.167,17.717,9.89,2.22,0.0,3.9354088,0.435801,267.59100516637164
6,1,570474,1159,2.6481,1.1842,70.533,47.366,10.94,2.65,0.0,6.177326,2.2419176,267.59100516637164
6,1,570474,1159,3.6862,1.0381,174.35,103.817,9.71,4.7,0.0,7.7126417,1.5353152,267.59100516637164
6,1,570474,1198,1.675,1.675,1.0,1.0,5.2,5.1131,0.2,0.7362036,0.7362036,267.59100516637164
6,1,570474,1198,1.7276,0.0526,5.05,4.05,4.4,4.5202,0.098765,1.4988009,0.76259726,267.59100516637164
6,1,570474,1198,2.0874,0.3598,27.533,22.483,5.7,2.6677,0.0,1.8872404,0.38843957,267.59100516637164
6,1,570474,1198,3.4176,1.3302,53.617,26.084,6.6,2.89,0.0,2.9078074,1.020567,267.59100516637164
6,1,570474,1198,3.7266,0.309,81.7,28.083,7.9,4.8167,0.0,3.2710764,0.363269,267.59100516637164
6,1,570474,1198,5.3561,1.6295,146.88,65.18,6.4,2.5195,0.00061365,4.2472,0.97612333,267.59100516637164
6,1,570474,1201,1.29,1.29,1.0,1.0,5.2,5.1131,0.2,1.6670158,1.6670158,267.59100516637164
6,1,570474,1201,2.474,1.184,5.0,4.0,4.2,4.372,0.125,2.112036,0.44502014,267.59100516637164
6,1,570474,1201,3.6015,1.1275,26.683,21.683,5.7,2.5936,0.0,2.5495553,0.43751937,267.59100516637164
6,1,570474,1201,7.6367,4.0352,52.55,25.867,6.6,2.89,0.0,3.825504,1.2759488,267.59100516637164
6,1,570474,1201,7.8064,0.1697,80.833,28.283,7.9,4.8167,0.0,4.114485,0.28898054,267.59100516637164
6,1,570474,1201,8.7937,0.987299999999999,146.65,65.817,6.4,2.5195,0.00060775,4.4317474,0.317263,267.59100516637164
6,1,570474,1210,2.8849,2.8849,1.0833,1.0833,16.3,3.5106,0.0,2.9259932,2.9259932,267.59100516637164
6,1,570474,1210,8.5489,5.664,5.0833,4.0,16.1,3.8032,0.0,8.564354,5.6383605,267.59100516637164
6,1,570474,1210,11.275,2.7261,22.9,17.8167,11.0,2.3404,0.0056127,12.785659,4.2213054,267.59100516637164
6,1,570474,1210,13.06,1.785,47.7,24.8,13.4,2.7792,0.0,15.50229,2.716631,267.59100516637164
6,1,570474,1210,20.524,7.464,74.167,26.467,13.2,1.8284,0.0,16.657722,1.1554327,267.59100516637164
6,1,570474,1210,23.068,2.544,165.02,90.853,12.9,3.8032,0.00022014,19.930677,3.2729554,267.59100516637164
6,1,570474,1214,1.309,1.309,1.1,1.1,20.0,1.9175,0.0,1.6923549,1.6923549,267.59100516637164
6,1,570474,1214,2.8196,1.5106,7.1667,6.0667,19.6,3.3748,0.0,4.7645226,3.0721679,267.59100516637164
6,1,570474,1214,3.16,0.3404,21.967,14.8003,11.8,2.5311,0.0,10.735534,5.9710107,267.59100516637164
6,1,570474,1214,7.1142,3.9542,49.05,27.083,13.5,3.068,0.0,14.15445,3.4189167,267.59100516637164
6,1,570474,1214,9.1194,2.0052,74.433,25.383,15.3,2.1476,0.0,16.109467,1.9550153,267.59100516637164
6,1,570474,1214,11.92,2.8006,167.78,93.347,13.3,1.6874,0.0010712,17.16858,1.0591128,267.59100516637164
6,1,570474,1238,1.7566,1.7566,1.05,1.05,15.4,1.9747,0.0,0.92073375,0.92073375,267.59100516637164
6,1,570474,1238,3.5986,1.842,3.05,2.0,15.3,1.9747,0.0,2.3887682,1.4680344,267.59100516637164
6,1,570474,1238,4.0609,0.4623,7.7667,4.7167,12.1,0.95079,0.0,3.3861022,0.9973341,267.59100516637164
6,1,570474,1238,5.4499,1.389,23.2,15.4333,10.2,1.5359,0.0019438,4.4322176,1.0461153,267.59100516637164
6,1,570474,1238,7.3594,1.9095,44.417,21.217,11.3,2.4135,0.00094266,5.7518973,1.3196797,267.59100516637164
6,1,570474,1238,9.1936,1.8342,70.25,25.833,9.5,2.9987,0.003871,6.61517,0.8632728,267.59100516637164
6,1,570474,1238,10.215,1.0214,138.37,68.12,9.3,2.8524,0.0014681,7.091547,0.47637686,267.59100516637164
6,1,570474,1239,2.7993,2.7993,1.05,1.05,15.4,1.9747,0.0,0.92073375,0.92073375,267.59100516637164
6,1,570474,1239,4.9833,2.184,3.05,2.0,15.3,1.9747,0.0,2.3887682,1.4680344,267.59100516637164
6,1,570474,1239,6.7332,1.7499,7.7667,4.7167,12.1,0.95079,0.0,3.3861022,0.9973341,267.59100516637164
6,1,570474,1239,8.1685,1.4353,23.2,15.4333,10.2,1.5359,0.0019438,4.4322176,1.0461153,267.59100516637164
6,1,570474,1239,9.6749,1.5064,44.417,21.217,11.3,2.4135,0.00094266,5.7518973,1.3196797,267.59100516637164
6,1,570474,1239,10.863,1.1881,70.25,25.833,9.5,2.9987,0.003871,6.61517,0.8632728,267.59100516637164
6,1,570474,1239,11.817,0.954000000000001,138.37,68.12,9.3,2.8524,0.0014681,7.091547,0.47637686,267.59100516637164
6,1,570474,1243,0.738,0.738,1.0,1.0,8.8,2.4454,0.0,0.5552943,0.5552943,267.59100516637164
6,1,570474,1243,1.65,0.912,3.0,2.0,9.7,3.5569,0.0,1.8955579,1.3402636,267.59100516637164
6,1,570474,1243,2.1512,0.5012,8.1667,5.1667,8.7,4.1497,0.0,2.9394197,1.0438617,267.59100516637164
6,1,570474,1243,3.3883,1.2371,22.067,13.9003,6.6,2.8159,0.0,3.7646496,0.82523006,267.59100516637164
6,1,570474,1243,5.466,2.0777,47.1,25.033,7.9,2.5195,0.0,5.323358,1.5587083,267.59100516637164
6,1,570474,1243,6.461,0.995,71.367,24.267,12.0,2.6677,0.0,5.6698756,0.34651735,267.59100516637164
6,1,570474,1243,6.8146,0.3536,142.1,70.733,14.4,4.8908,0.0,6.395308,0.72543275,267.59100516637164
6,1,570474,1448,1.2089,1.2089,2.0,2.0,-1.63,1.4619,0.0,0.63026124,0.63026124,267.59100516637164
6,1,570474,1448,2.9859,1.777,4.0,2.0,-1.24,1.4325,0.0,1.9229558,1.2926946,267.59100516637164
6,1,570474,1448,4.5855,1.5996,6.0,2.0,-1.82,1.476,0.0,3.0733032,1.1503476,267.59100516637164
6,1,570474,1448,5.8663,1.2808,8.0,2.0,-1.18,1.5065,0.0,4.17373,1.1004268,267.59100516637164
6,1,570474,1448,6.847,0.980700000000001,10.0,2.0,-0.87,2.5188,0.0,4.965839,0.7921088,267.59100516637164
6,1,570474,1448,7.6969,0.8499,12.0,2.0,-0.81,2.7245,0.0,5.842191,0.87635213,267.59100516637164
6,1,570474,1448,9.098,1.4011,16.0,4.0,-0.86,4.3257,0.0,7.0588355,1.2166445,267.59100516637164
6,1,570474,1448,10.64,1.542,20.0,4.0,-0.81,4.3725,0.0,8.24581,1.1869738,267.59100516637164
6,1,570474,1448,12.094,1.454,24.0,4.0,-0.54,4.5238,0.0,9.172941,0.9271321,267.59100516637164
6,1,570474,1448,14.208,2.114,32.0,8.0,-0.97,5.5851,0.0,10.906083,1.7331418,267.59100516637164
6,1,570474,1448,15.304,1.096,40.0,8.0,-0.57,5.4588,0.0,12.038658,1.1325753,267.59100516637164
6,1,570474,1448,15.952,0.648,48.0,8.0,1.03,4.0841,0.0,12.847306,0.8086479,267.59100516637164
6,1,570474,1448,16.5,0.548,56.0,8.0,0.75,2.7887,0.0,13.119759,0.27245262,267.59100516637164
6,1,570474,1448,16.957,0.457000000000001,64.0,8.0,1.1,4.1276,0.0,13.498157,0.37839735,267.59100516637164
6,1,570474,1448,17.581,0.623999999999999,72.0,8.0,1.56,3.5681,0.0,13.569044,0.07088801,267.59100516637164
6,1,570474,1448,18.147,0.565999999999999,80.0,8.0,1.16,2.0148,0.0,13.608211,0.039166037,267.59100516637164
6,1,570474,1448,18.651,0.504000000000001,88.0,8.0,1.07,1.5892,0.0,13.647376,0.039166037,267.59100516637164
6,1,570474,1448,19.09,0.439,96.0,8.0,0.85,2.1117,0.0,13.691116,0.04374028,267.59100516637164
6,1,570474,1448,19.43,0.34,104.0,8.0,0.15,1.1266,0.0,13.730283,0.039166037,267.59100516637164
6,1,570474,1448,19.642,0.212,112.0,8.0,-0.73,0.51399,0.0,13.769449,0.039166037,267.59100516637164
6,1,570474,1448,20.027,0.385000000000002,120.0,8.0,2.2,1.4205,0.0,14.085821,0.31637228,267.59100516637164
6,1,570474,1448,20.56,0.532999999999998,128.0,8.0,-2.02,2.6364,0.0,14.222041,0.13621964,267.59100516637164
6,1,570474,1448,20.962,0.402000000000001,136.0,8.0,0.45,3.1828,0.0,14.517908,0.29586706,267.59100516637164
6,1,570474,1448,21.458,0.495999999999999,141.48,5.47999999999999,3.97,2.8377,0.0,14.563544,0.045636684,267.59100516637164
6,1,570474,1457,0.14509,0.14509,0.51667,0.51667,18.5,0.79127,0.0,0.039166037,0.039166037,267.59100516637164
6,1,570474,1457,0.29017,0.14508,1.0167,0.50003,19.2,1.1925,0.0,0.078332074,0.039166037,267.59100516637164
6,1,570474,1457,0.58035,0.29018,2.0167,1.0,20.2,0.5238,0.0,0.117498115,0.039166037,267.59100516637164
6,1,570474,1457,0.74616,0.16581,3.0167,1.0,21.6,0.89157,0.0,0.15666415,0.039166037,267.59100516637164
6,1,570474,1457,1.0363,0.29014,5.0167,2.0,23.3,0.96958,0.0,0.19583018,0.039166037,267.59100516637164
6,1,570474,1457,1.1725,0.1362,7.0167,2.0,24.3,1.7051,0.0,0.23499623,0.039166037,267.59100516637164
6,1,570474,1457,1.2614,0.0889,10.017,3.0003,22.5,2.2624,0.0,0.27416226,0.039166037,267.59100516637164
6,1,570474,1457,1.2732,0.0118,14.017,4.0,15.3,1.694,1.425,0.3133283,0.039166037,267.59100516637164
6,1,570474,1457,1.2732,0.0,18.017,4.0,13.2,0.69097,0.0,0.35249433,0.039166037,267.59100516637164
6,1,570474,1457,1.3443,0.0710999999999999,22.017,4.0,14.2,0.80241,0.0,0.39166036,0.039166037,267.59100516637164
6,1,570474,1457,1.3532,0.0088999999999999,25.017,3.0,17.9,0.56838,0.0,0.4308264,0.039166037,267.59100516637164
6,1,570474,1457,1.3532,0.0,26.2,1.183,19.4,0.44578,0.0,0.46999246,0.039166037,267.59100516637164
6,1,570474,1470,0.26797,0.26797,0.016667,0.016667,12.7,0.92269,0.0,0.71323466,0.71323466,267.59100516637164
6,1,570474,1470,1.6182,1.35023,0.51667,0.500003,13.5,1.1094,0.0,0.9026134,0.18937874,267.59100516637164
6,1,570474,1470,2.9173,1.2991,1.2667,0.75003,14.0,1.3291,0.0,1.5255271,0.6229137,267.59100516637164
6,1,570474,1470,4.0158,1.0985,2.2667,1.0,14.8,1.7355,0.0,2.0362616,0.51073444,267.59100516637164
6,1,570474,1470,4.6879,0.6721,3.2667,1.0,15.8,1.8124,0.0,2.4436934,0.4074318,267.59100516637164
6,1,570474,1470,5.3512,0.6633,5.2667,2.0,16.4,2.3836,0.0,3.2427185,0.7990251,267.59100516637164
6,1,570474,1470,5.5999,0.248699999999999,7.2667,2.0,14.7,1.9223,0.0,3.491037,0.24831831,267.59100516637164
6,1,570474,1470,5.6591,0.0591999999999997,9.2667,2.0,10.3,0.80186,0.0,3.5302029,0.039166037,267.59100516637164
6,1,570474,1470,5.9182,0.2591,21.767,12.5003,7.2,0.57119,0.0,3.6175883,0.08738552,267.59100516637164
6,1,570474,1470,6.0783,0.1601,24.117,2.35,13.4,0.62611,0.0,3.6567543,0.039166037,267.59100516637164
6,1,570474,1470,6.3003,0.222,27.183,3.066,17.3,1.439,0.0,3.78311,0.12635559,267.59100516637164
6,1,570474,1470,6.4069,0.1066,30.183,3.0,18.5,1.3731,0.0,3.8222759,0.039166037,267.59100516637164
6,1,570474,1470,6.5846,0.1777,33.183,3.0,13.3,1.0106,0.0,3.861442,0.039166037,267.59100516637164
6,1,570474,1470,6.6201,0.0354999999999999,45.183,12.0,9.2,0.54922,0.0,3.900608,0.039166037,267.59100516637164
6,1,570474,1470,6.6725,0.0524000000000004,48.133,2.95,13.6,0.87876,0.0,3.939774,0.039166037,267.59100516637164
6,1,570474,1470,6.7436,0.0710999999999995,51.167,3.034,17.7,0.87876,0.0,3.9789402,0.039166037,267.59100516637164
6,1,570474,1472,0.16729,0.16729,0.16667,0.16667,8.4,0.70103,0.0,0.75376874,0.75376874,267.59100516637164
6,1,570474,1472,0.32324,0.15595,0.33333,0.16666,8.4,1.1864,0.0,1.109685,0.3559162,267.59100516637164
6,1,570474,1472,0.49349,0.17025,0.5,0.16667,8.4,1.4021,0.0,1.554019,0.44433397,267.59100516637164
6,1,570474,1472,0.82882,0.33533,0.75,0.25,8.7,1.1648,0.0,1.6441964,0.09017743,267.59100516637164
6,1,570474,1472,1.1316,0.30278,1.0,0.25,8.9,1.2187,0.0,1.934818,0.29062176,267.59100516637164
6,1,570474,1472,1.6512,0.5196,1.5,0.5,9.1,1.0893,0.0,2.2242532,0.28943512,267.59100516637164
6,1,570474,1472,2.0746,0.4234,2.0,0.5,9.4,0.46376,0.0,2.6177921,0.3935389,267.59100516637164
6,1,570474,1472,2.6994,0.6248,3.0,1.0,9.6,0.80888,0.0,3.1937313,0.5759393,267.59100516637164
6,1,570474,1472,3.3923,0.6929,5.0,2.0,9.6,1.4021,0.0,3.8747153,0.68098396,267.59100516637164
6,1,570474,1472,3.7742,0.3819,8.0,3.0,9.0,1.1864,0.0,3.9138815,0.039166037,267.59100516637164
6,1,570474,1472,4.2717,0.4975,20.0,12.0,7.0,0.8628,0.0,4.279503,0.36562166,267.59100516637164
6,1,570474,1472,4.3526,0.0808999999999997,22.733,2.733,4.6,0.80888,0.0,4.3186693,0.039166037,267.59100516637164
6,1,570474,1472,4.4947,0.1421,25.867,3.134,7.8,1.0354,0.0,4.3578353,0.039166037,267.59100516637164
6,1,570474,1472,4.6458,0.1511,28.867,3.0,10.7,1.3589,0.0,4.3970013,0.039166037,267.59100516637164
6,1,570474,1472,4.6635,0.0176999999999996,31.867,3.0,6.8,1.2834,0.0,4.4361672,0.039166037,267.59100516637164
6,1,570474,1472,4.7227,0.0591999999999997,41.867,10.0,3.6,0.67946,0.0,4.475333,0.039166037,267.59100516637164
6,1,570474,1472,4.7494,0.0266999999999999,44.867,3.0,2.4,1.1109,0.0,4.514499,0.039166037,267.59100516637164
6,1,570474,1472,4.776,0.0266000000000002,47.867,3.0,3.8,1.1001,0.0,4.553665,0.039166037,267.59100516637164
6,1,570474,1472,4.794,0.0179999999999998,49.383,1.51600000000001,5.5,0.61475,0.0,4.5928316,0.039166037,267.59100516637164
6,1,570474,1485,0.56505,0.56505,0.18333,0.18333,18.9,0.7087,0.0,0.80402505,0.80402505,267.59100516637164
6,1,570474,1485,1.5589,0.99385,0.35,0.16667,19.2,0.6637,0.0,2.078993,1.274968,267.59100516637164
6,1,570474,1485,3.2339,1.675,0.68333,0.33333,19.4,0.53996,0.0,3.4601927,1.3811995,267.59100516637164
6,1,570474,1485,4.4755,1.2416,1.0167,0.33337,19.9,0.49496,0.0,4.11189,0.65169716,267.59100516637164
6,1,570474,1485,6.4223,1.9468,1.5167,0.5,20.5,0.7087,0.0,5.4682264,1.3563368,267.59100516637164
6,1,570474,1485,8.0242,1.6019,2.0167,0.5,21.1,0.89994,0.0,6.2280483,0.75982195,267.59100516637164
6,1,570474,1485,9.8008,1.7766,3.0167,1.0,21.9,1.2374,0.0,7.873329,1.6452807,267.59100516637164
6,1,570474,1485,11.471,1.6702,5.0167,2.0,23.0,0.96743,0.0,9.874222,2.0008929,267.59100516637164
6,1,570474,1485,12.554,1.083,8.0167,3.0,23.0,1.0012,0.0,10.817789,0.94356686,267.59100516637164
6,1,570474,1485,12.791,0.237,12.017,4.0003,17.5,0.39372,0.0,11.019781,0.20199245,267.59100516637164
6,1,570474,1485,12.862,0.0709999999999997,16.017,4.0,13.5,0.32623,0.0,11.354562,0.33478025,267.59100516637164
6,1,570474,1485,12.993,0.131,20.017,4.0,12.7,0.35997,0.0,11.576341,0.22177938,267.59100516637164
6,1,570474,1485,13.73,0.737,23.017,3.0,18.6,0.62995,0.0,12.149748,0.573407,267.59100516637164
6,1,570474,1485,14.467,0.737,26.017,3.0,23.3,0.87744,0.0,12.848916,0.6991683,267.59100516637164
6,1,570474,1485,14.84,0.372999999999999,29.017,3.0,26.7,2.0474,0.0,13.480653,0.6317367,267.59100516637164
6,1,570474,1485,15.036,0.196,32.017,3.0,26.8,2.1486,0.0,13.805348,0.32469517,267.59100516637164
6,1,570474,1485,15.166,0.130000000000001,36.017,4.0,16.8,2.6323,0.0,13.981024,0.17567565,267.59100516637164
6,1,570474,1485,15.237,0.0709999999999997,40.017,4.0,13.9,1.1812,0.0,14.02019,0.039166037,267.59100516637164
6,1,570474,1485,15.296,0.0589999999999993,44.017,4.0,12.6,0.95618,0.0,14.059356,0.039166037,267.59100516637164
6,1,570474,1485,15.536,0.24,47.017,3.0,14.0,3.7685,0.0,14.234703,0.17534678,267.59100516637164
6,1,570474,1493,0.41069,0.41069,0.26667,0.26667,19.3,1.2841,0.0,0.24820636,0.24820636,267.59100516637164
6,1,570474,1493,0.94795,0.53726,0.6,0.33333,19.8,1.2506,0.0,0.6669154,0.41870907,267.59100516637164
6,1,570474,1493,1.4299,0.48195,0.93333,0.33333,20.2,1.3958,0.0,1.1542292,0.4873137,267.59100516637164
6,1,570474,1493,2.1727,0.7428,1.4333,0.49997,20.3,1.3065,0.0,1.6845298,0.5303007,267.59100516637164
6,1,570474,1493,2.5505,0.3778,1.9333,0.5,20.7,1.2395,0.0,1.9970099,0.31248012,267.59100516637164
6,1,570474,1493,3.2718,0.7213,2.4333,0.5,21.6,2.0881,0.0,2.7161963,0.71918637,267.59100516637164
6,1,570474,1493,4.122,0.8502,3.4333,1.0,21.6,1.8089,0.0,3.47787,0.7616737,267.59100516637164
6,1,570474,1493,5.765,1.643,6.4333,3.0,22.2,1.6526,0.0,4.0869117,0.60904175,267.59100516637164
6,1,570474,1493,6.3319,0.5669,12.433,5.9997,19.0,0.88214,0.0,4.428522,0.34161016,267.59100516637164
6,1,570474,1493,6.4382,0.1063,18.433,6.0,14.2,0.50248,0.0,4.467688,0.039166037,267.59100516637164
6,1,570474,1493,6.8445,0.4063,21.25,2.817,18.2,1.7308,0.0,4.5393543,0.07166648,267.59100516637164
6,1,570474,1493,8.0644,1.2199,28.267,7.017,23.6,2.8809,0.0,5.15215,0.6127955,267.59100516637164
6,1,570474,1493,8.2092,0.1448,35.267,7.0,20.5,1.1278,0.0,5.191316,0.039166037,267.59100516637164
6,1,570474,1493,8.2505,0.0413000000000014,42.267,7.0,13.4,0.53598,0.0,5.230482,0.039166037,267.59100516637164
6,1,570474,1493,8.5814,0.3309,49.267,7.0,20.1,2.2444,0.0,5.5420384,0.31155634,267.59100516637164
6,1,570474,1493,8.6434,0.0619999999999994,56.267,7.0,24.5,2.4677,0.0,6.030758,0.48871943,267.59100516637164
6,1,570474,1493,8.6434,0.0,63.267,7.0,18.1,0.63648,0.0,6.069924,0.039166037,267.59100516637164
6,1,570474,1493,8.6729,0.0295000000000005,68.267,4.99999999999999,16.1,0.90447,0.0,6.10909,0.039166037,267.59100516637164
6,1,570474,1527,0.4605,0.4605,2.0,2.0,18.1,1.246,0.0,-0.0075821243,-0.0075821243,267.59100516637164
6,1,570474,1527,0.88449,0.42399,4.0,2.0,19.75,1.5867,0.0,0.0737288,0.08131093,267.59100516637164
6,1,570474,1527,1.12249,0.238,6.0,2.0,20.5,2.5456,0.0,-0.5632363,-0.6369651,267.59100516637164
6,1,570474,1527,1.17749,0.0550000000000002,8.0,2.0,18.4,2.4872,0.0,-1.0984371,-0.5352007,267.59100516637164
6,1,570474,1527,1.29699,0.1195,10.0,2.0,14.25,0.38192,0.0,-1.059271,0.039166037,267.59100516637164
6,1,570474,1527,1.37699,0.0800000000000001,12.0,2.0,11.6,0.29952,0.0,-1.1749746,-0.11570355,267.59100516637164
6,1,570474,1527,1.53499,0.158,16.0,4.0,7.95,0.23772,0.0,-1.3698918,-0.19491725,267.59100516637164
6,1,570474,1527,1.75799,0.223,20.0,4.0,5.45,0.33978,0.0,-1.4539106,-0.08401875,267.59100516637164
6,1,570474,1527,1.89149,0.1335,24.0,4.0,13.45,0.7302,0.0,-1.6141555,-0.16024499,267.59100516637164
6,1,570474,1527,2.27149,0.38,32.0,8.0,20.8,0.84341,0.0,-1.3219965,0.29215908,267.59100516637164
6,1,570474,1527,2.48589,0.2144,40.0,8.0,9.3,0.86949,0.0,-1.1112245,0.21077192,267.59100516637164
6,1,570474,1527,3.04489,0.559,48.0,8.0,14.55,0.29433,0.0,-0.9519687,0.1592558,267.59100516637164
6,1,570474,1527,3.11369,0.0688,56.0,8.0,22.1,1.5335,0.0,-0.6527525,0.29921618,267.59100516637164
6,1,570474,1527,3.30079,0.1871,64.0,8.0,12.05,0.35867,0.0,-0.5666743,0.086078264,267.59100516637164
6,1,570474,1527,3.48369,0.1829,72.0,8.0,16.35,0.99242,0.0,-0.30450386,0.26217043,267.59100516637164
6,1,570474,1527,3.61989,0.1362,80.0,8.0,21.15,1.4868,0.0,-0.030084342,0.27441952,267.59100516637164
6,1,570474,1527,3.60549,-0.0144000000000002,88.0,8.0,14.95,4.5934,0.0,0.1903691,0.22045344,267.59100516637164
6,1,570474,1527,3.52649,-0.0789999999999997,96.0,8.0,14.0,4.4961,0.0,0.22953513,0.039166037,267.59100516637164
6,1,570474,1527,3.43069,-0.0958000000000001,104.0,8.0,15.5,2.9745,0.0,0.26870117,0.039166037,267.59100516637164
6,1,570474,1527,3.47439,0.0436999999999999,112.0,8.0,11.15,3.6237,0.0,0.3078672,0.039166037,267.59100516637164
6,1,570474,1527,3.59409,0.1197,120.0,8.0,11.35,3.5608,0.0,0.34703326,0.039166037,267.59100516637164
6,1,570474,1527,3.74789,0.1538,128.0,8.0,14.0,1.4677,0.0,0.3861993,0.039166037,267.59100516637164
6,1,570474,1527,3.82449,0.0766,136.0,8.0,1.55,0.098549,0.0,0.42536533,0.039166037,267.59100516637164
6,1,570474,1527,3.93609,0.1116,144.0,8.0,9.2,0.34564,0.0,0.46453136,0.039166037,267.59100516637164
6,1,570474,1527,4.08769,0.1516,152.0,8.0,13.95,3.1675,0.0,0.51052034,0.045989003,267.59100516637164
6,1,570474,1527,4.14609,0.0583999999999998,160.0,8.0,6.1,1.2878,0.0,0.5496864,0.039166037,267.59100516637164
6,1,570474,1527,4.22529,0.0792000000000002,168.0,8.0,9.3,1.1871,0.0,0.5888524,0.039166037,267.59100516637164
6,1,570474,1527,4.25499,0.0297000000000001,170.0,2.0,13.7,0.84462,0.0,0.6280185,0.039166037,267.59100516637164
6,1,570474,1533,0.0,0.0,6.4167,6.4167,12.99,2.14,0.0,2.0579875,2.0579875,267.59100516637164
6,1,570474,1533,0.0,0.0,9.6333,3.2166,12.84,2.3624,0.0,2.7544284,0.6964409,267.59100516637164
6,1,570474,1533,0.02322,0.02322,21.25,11.6167,11.28,0.92808,0.0,3.063981,0.30955282,267.59100516637164
6,1,570474,1533,0.0481,0.02488,46.117,24.867,12.18,1.7871,0.0,3.8309922,0.7670111,267.59100516637164
6,1,570474,1533,0.0481,0.0,69.983,23.866,12.1,1.2809,0.0,3.8701582,0.039166037,267.59100516637164
6,1,570474,1533,0.0962,0.0481,94.017,24.034,12.84,1.1965,0.0,3.9093244,0.039166037,267.59100516637164
6,1,570474,1690,7.188,7.188,1.0,1.0,14.9,2.3019,0.0,15.508092,15.508092,267.59100516637164
6,1,570474,1690,12.948,5.76,2.92,1.92,16.4,2.0461,0.0,24.077122,8.56903,267.59100516637164
6,1,570474,1690,19.223,6.275,5.94,3.02,17.5,2.1314,0.0,29.099422,5.0223002,267.59100516637164
6,1,570474,1690,25.399,6.176,23.96,18.02,13.6,1.9609,0.0,32.513783,3.414361,267.59100516637164
6,1,570474,1690,28.331,2.932,47.94,23.98,15.0,2.0461,0.0,34.65558,2.1417937,267.59100516637164
6,1,570474,1690,29.863,1.532,95.94,48.0,15.7,2.3872,0.0020833,36.688953,2.0333774,267.59100516637164
6,1,570474,1690,30.928,1.065,167.94,72.0,15.5,3.8365,0.0055556,39.32184,2.6328855,267.59100516637164
6,1,570474,1696,1.8966,1.8966,1.07,1.07,12.1,4.0923,0.0,5.8747926,5.8747926,267.59100516637164
6,1,570474,1696,3.4111,1.5145,3.17,2.1,13.2,2.8134,0.0,9.601013,3.7262201,267.59100516637164
6,1,570474,1696,5.4012,1.9901,6.04,2.87,14.0,2.6429,0.0,11.784943,2.1839304,267.59100516637164
6,1,570474,1696,8.1152,2.714,24.17,18.13,10.9,2.8134,0.016547,15.828526,4.043582,267.59100516637164
6,1,570474,1696,9.7246,1.6094,48.19,24.02,11.3,1.9609,0.0,18.17282,2.3442943,267.59100516637164
6,1,570474,1696,14.23,4.5054,96.22,48.03,15.2,4.0923,0.0,20.750559,2.5777397,267.59100516637164
6,1,570474,1696,18.154,3.924,168.22,72.0,10.9,3.7513,0.0,22.823114,2.0725555,267.59100516637164
6,1,570474,1714,2.1334,2.1334,2.0,2.0,15.8,3.8365,0.1,1.6036117,1.6036117,267.59100516637164
6,1,570474,1714,6.8986,4.7652,4.0,2.0,15.8,2.8987,0.0,3.3280096,1.724398,267.59100516637164
6,1,570474,1714,7.6694,0.7708,8.0,4.0,15.8,2.6429,0.025,4.721393,1.3933833,267.59100516637164
6,1,570474,1714,8.4314,0.762,12.0,4.0,16.2,3.4102,0.2,4.760559,0.039166037,267.59100516637164
6,1,570474,1714,9.0002,0.5688,24.05,12.05,16.8,4.007,0.016598,6.2113113,1.4507521,267.59100516637164
6,1,570474,1738,0.86735,0.86735,0.95,0.95,11.6,5.0179,0.0,1.3349059,1.3349059,267.59100516637164
6,1,570474,1738,2.245,1.37765,2.97,2.02,12.3,5.2569,0.0,3.527097,2.1921911,267.59100516637164
6,1,570474,1738,4.4448,2.1998,6.0,3.03,12.9,4.4604,0.0,5.5477314,2.0206344,267.59100516637164
6,1,570474,1738,8.3933,3.9485,24.03,18.03,11.5,2.7877,0.022185,9.500641,3.952909,267.59100516637164
6,1,570474,1738,10.149,1.7557,48.08,24.05,11.6,2.2302,0.0,12.210705,2.7100646,267.59100516637164
6,1,570474,1738,10.245,0.0960000000000001,96.13,48.05,13.0,3.9028,0.0,12.920443,0.70973796,267.59100516637164
6,1,570474,1738,10.605,0.360000000000001,168.16,72.03,11.4,4.4604,0.0027766,12.959609,0.039166037,267.59100516637164
6,1,570474,1740,2.134,2.134,1.0,1.0,15.1,2.1229,0.0,1.5974985,1.5974985,267.59100516637164
6,1,570474,1740,4.522,2.388,3.0,2.0,16.1,2.2862,0.0,3.8735743,2.2760756,267.59100516637164
6,1,570474,1740,7.3494,2.8274,6.05,3.05,16.9,2.6128,0.0,5.9398746,2.0663004,267.59100516637164
6,1,570474,1740,9.6392,2.2898,24.08,18.03,13.4,2.0413,0.0,10.55806,4.6181855,267.59100516637164
6,1,570474,1740,12.039,2.3998,48.08,24.0,13.9,2.2862,0.0041667,12.437726,1.8796666,267.59100516637164
6,1,570474,1740,13.047,1.008,96.08,48.0,12.7,1.878,0.0020833,14.03731,1.5995831,267.59100516637164
6,1,570474,1740,13.191,0.144,168.08,72.0,14.4,2.6945,0.0,14.483284,0.4459747,267.59100516637164
6,1,570474,1936,6.80084574845731,6.80084574845731,1.5333,1.5333,16.4,2.8237,0.0,1.2620417,1.2620417,267.59100516637164
6,1,570474,1936,11.9491457484573,5.1483,3.5333,2.0,16.5,3.168,0.0,2.4290931,1.1670514,267.59100516637164
6,1,570474,1936,16.4761457484573,4.527,5.5333,2.0,16.7,3.6971,0.0,3.9271624,1.4980693,267.59100516637164
6,1,570474,1936,19.1071457484573,2.631,7.5333,2.0,16.4,2.9538,0.0,4.008336,0.08117348,267.59100516637164
6,1,570474,1936,20.3841457484573,1.277,9.5333,2.0,14.0,1.4483,0.0,4.047502,0.039166037,267.59100516637164
6,1,570474,1936,21.0061457484573,0.622,11.533,1.9997,12.0,1.2619,0.0,4.086668,0.039166037,267.59100516637164
6,1,570474,1936,21.9141457484573,0.908000000000001,15.533,4.0,11.0,1.0728,0.0,4.8413844,0.7547163,267.59100516637164
6,1,570474,1936,22.3521457484573,0.437999999999999,19.533,4.0,9.3,0.72361,0.0,5.483547,0.6421629,267.59100516637164
6,1,570474,1936,23.2831457484573,0.931000000000001,23.533,4.0,15.4,1.9105,0.0,6.2726297,0.7890828,267.59100516637164
6,1,570474,1936,25.4021457484573,2.119,31.533,8.0,17.4,1.1031,0.0,7.3385034,1.0658734,267.59100516637164
6,1,570474,1936,26.2951457484573,0.893000000000001,39.533,8.0,8.8,0.23501,0.0,7.595495,0.25699192,267.59100516637164
6,1,570474,1936,27.5831457484573,1.288,47.533,8.0,16.9,2.2194,0.0,8.32009,0.7245953,267.59100516637164
6,1,570474,1936,29.6491457484573,2.066,55.533,8.0,18.5,2.6773,0.0,8.974662,0.654571,267.59100516637164
6,1,570474,1936,30.3621457484573,0.713000000000001,63.533,8.0,8.6,0.35672,0.0,9.013827,0.039166037,267.59100516637164
6,1,570474,1936,31.0271457484573,0.664999999999999,71.533,8.0,16.4,1.6326,0.0,9.166563,0.15273504,267.59100516637164
6,1,570474,1936,32.0311457484573,1.004,79.533,8.0,20.7,1.8384,0.0,9.385745,0.2191822,267.59100516637164
6,1,570474,1936,32.2211457484573,0.189999999999998,87.533,8.0,11.2,0.14149,0.0,9.494611,0.1088659,267.59100516637164
6,1,570474,1936,32.4491457484573,0.228000000000002,95.533,8.0,15.7,1.2152,0.0,9.699255,0.20464422,267.59100516637164
6,1,570474,1936,33.1111457484573,0.661999999999999,103.53,7.997,18.6,2.6421,0.0,9.929517,0.23026161,267.59100516637164
6,1,570474,1936,33.3641457484573,0.253,111.53,8.0,13.8,3.3253,0.0,10.014525,0.08500908,267.59100516637164
6,1,570474,1936,33.6851457484573,0.320999999999998,119.53,8.0,16.1,4.0518,0.0,10.075665,0.061139587,267.59100516637164
6,1,570474,1936,34.1021457484573,0.417000000000002,127.53,8.0,19.3,2.7404,0.0,10.114831,0.039166037,267.59100516637164
6,1,570474,1936,34.2191457484573,0.116999999999997,135.53,8.0,13.1,2.1944,0.0,10.153997,0.039166037,267.59100516637164
6,1,570474,1936,34.3621457484573,0.143000000000001,143.53,8.0,14.4,4.1236,0.0,10.193163,0.039166037,267.59100516637164
6,1,570474,1936,34.5971457484573,0.234999999999999,151.53,8.0,15.2,3.8478,0.0,10.232329,0.039166037,267.59100516637164
6,1,570474,1936,34.7201457484573,0.123000000000005,159.53,8.0,13.9,3.9131,0.0,10.271496,0.039166037,267.59100516637164
6,1,570474,1936,34.8501457484573,0.129999999999995,167.53,8.0,14.4,4.1522,0.0,10.310661,0.039166037,267.59100516637164
6,1,570474,1936,35.0801457484573,0.230000000000004,175.53,8.0,16.3,4.6284,0.0,10.349828,0.039166037,267.59100516637164
6,1,570474,2236,23.90240499255,23.90240499255,1.9167,1.9167,34.6,2.219,0.0,23.649963,23.649963,267.59100516637164
6,1,570474,2236,43.52240499255,19.62,3.9167,2.0,30.9,0.065981,0.0,37.77952,14.129554,267.59100516637164
6,1,570474,2236,45.62340499255,2.101,5.9167,2.0,27.1,0.96793,0.0,43.410484,5.6309676,267.59100516637164
6,1,570474,2236,48.38340499255,2.76,7.9167,2.0,26.2,0.93934,0.0,44.03898,0.62849206,267.59100516637164
6,1,570474,2236,49.70940499255,1.326,9.9167,2.0,23.3,0.36985,0.0,46.139572,2.1005964,267.59100516637164
6,1,570474,2236,50.51040499255,0.801000000000002,11.917,2.0003,22.6,0.69818,0.0,48.665287,2.5257137,267.59100516637164
6,1,570474,2236,53.07640499255,2.566,15.917,4.0,27.4,0.8925,0.0,51.30516,2.6398735,267.59100516637164
6,1,570474,2236,56.72640499255,3.65000000000001,19.917,4.0,31.1,4.0555,0.0,58.567467,7.262305,267.59100516637164
6,1,570474,2236,60.02240499255,3.296,23.917,4.0,27.3,2.385,0.0,60.150757,1.5832907,267.59100516637164
6,1,570474,2236,61.33340499255,1.311,31.917,8.0,22.0,0.73884,0.0,60.75431,0.60355306,267.59100516637164
6,1,570474,2236,62.39540499255,1.062,39.917,8.0,21.6,2.954,0.0,62.42398,1.6696726,267.59100516637164
6,1,570474,2236,64.0974049925501,1.70200000000001,47.917,8.0,29.4,2.2175,0.0,64.20615,1.7821635,267.59100516637164
6,1,570474,2236,65.05440499255,0.956999999999994,55.917,8.0,20.4,1.8633,0.0,64.71879,0.5126413,267.59100516637164
6,1,570474,2236,65.17940499255,0.125,63.917,8.0,22.5,3.2114,0.0,65.33065,0.6118618,267.59100516637164
6,1,570474,2236,66.04540499255,0.866,71.917,8.0,29.0,2.8357,0.0,65.90383,0.5731841,267.59100516637164
6,1,570474,2236,66.56640499255,0.521000000000001,79.917,8.0,20.3,2.6325,0.0,66.166824,0.2629909,267.59100516637164
6,1,570474,2236,66.7524049925501,0.186000000000007,87.917,8.0,22.5,2.956,0.0,66.31442,0.14760058,267.59100516637164
6,1,570474,2236,67.17040499255,0.417999999999992,95.917,8.0,29.1,2.9629,0.0,66.35359,0.039166037,267.59100516637164
6,1,570474,2236,67.5264049925501,0.356000000000009,103.92,8.003,20.7,2.7375,0.0,66.39275,0.039166037,267.59100516637164
6,1,570474,2236,67.6654049925501,0.138999999999996,111.92,8.0,21.3,1.2423,0.0,66.43192,0.039166037,267.59100516637164
6,1,570474,2236,68.09540499255,0.429999999999993,119.92,8.0,25.9,1.2474,0.0,66.471085,0.039166037,267.59100516637164
6,1,570474,2236,68.30640499255,0.210999999999999,123.92,4.0,23.2,0.48725,0.0,66.510254,0.039166037,267.59100516637164
6,1,570474,2446,0.20307,0.20307,22.45,22.45,5.98,1.3389,0.6,0.039166037,0.039166037,267.59100516637164
6,1,570474,2446,0.20973,0.00666,44.95,22.5,4.68,1.1647,0.062222,0.078332074,0.039166037,267.59100516637164
6,1,570474,2446,0.088439,-0.121291,143.7,98.75,10.6,1.8069,0.0040506,0.117498115,0.039166037,267.59100516637164
6,1,570474,2447,22.151,22.151,4.15,4.15,11.9,3.2344,0.0,8.000718,8.000718,267.59100516637164
6,1,570474,2447,32.834,10.683,25.9,21.75,5.36,2.0369,0.0,12.951517,4.9507985,267.59100516637164
6,1,570474,2447,35.101,2.267,46.15,20.25,6.58,1.343,0.0,13.928357,0.9768407,267.59100516637164
6,1,570474,2447,37.325,2.224,141.9,95.75,10.9,1.7123,0.0,16.048876,2.120519,267.59100516637164
6,1,570474,2447,37.677,0.351999999999997,170.9,29.0,5.82,1.5557,0.034483,16.088043,0.039166037,267.59100516637164
6,1,570474,2456,10.196,10.196,6.7,6.7,23.9,2.939,0.0,12.529111,12.529111,267.59100516637164
6,1,570474,2456,10.893,0.697000000000001,21.95,15.25,15.1,0.74562,0.0,12.568277,0.039166037,267.59100516637164
6,1,570474,2456,11.16,0.266999999999999,29.45,7.5,22.9,2.6668,0.0,12.607443,0.039166037,267.59100516637164
6,1,570474,2456,11.219,0.0589999999999993,45.7,16.25,17.5,2.2314,0.93538,12.646609,0.039166037,267.59100516637164
6,1,570474,2456,11.241,0.0220000000000002,69.7,24.0,12.2,1.3715,0.0,13.986671,1.340062,267.59100516637164
6,1,570474,2456,11.333,0.0920000000000005,117.7,48.0,15.4,2.9716,0.18333,15.531869,1.5451975,267.59100516637164
6,1,570474,2538,3.3745,3.3745,1.05,1.05,11.4,2.5864,0.0,9.400491,9.400491,267.59100516637164
6,1,570474,2538,9.0966,5.7221,3.05,2.0,13.22,2.8392,0.0,16.597137,7.196646,267.59100516637164
6,1,570474,2538,12.232,3.1354,5.9833,2.9333,14.64,2.7621,0.0,20.213324,3.6161873,267.59100516637164
6,1,570474,2538,14.146,1.914,9.0667,3.0834,16.88,2.4222,0.0,22.144878,1.9315537,267.59100516637164
6,1,570474,2538,15.648,1.502,24.467,15.4003,11.4,3.1076,0.0,24.949982,2.805103,267.59100516637164
6,1,570474,2538,16.869,1.221,48.75,24.283,11.71,4.2098,0.0,27.98249,3.0325084,267.59100516637164
6,1,570474,2538,17.528,0.658999999999999,72.333,23.583,16.77,2.1282,0.0,29.717995,1.7355045,267.59100516637164
6,1,570474,2538,18.403,0.875,96.283,23.95,13.93,2.7954,0.0,30.889532,1.1715381,267.59100516637164
6,1,570474,2558,4.7344,4.7344,0.98333,0.98333,14.69,2.8219,0.0,6.624367,6.624367,267.59100516637164
6,1,570474,2558,12.213,7.4786,3.1,2.11667,17.3,3.0655,0.0,20.702415,14.078048,267.59100516637164
6,1,570474,2558,18.944,6.731,6.05,2.95,19.78,3.1888,0.0,32.90647,12.204057,267.59100516637164
6,1,570474,2558,20.448,1.504,9.9167,3.8667,19.93,1.6281,0.0,37.413525,4.507055,267.59100516637164
6,1,570474,2558,23.041,2.593,24.1,14.1833,15.78,1.8243,0.0,40.1483,2.7347739,267.59100516637164
6,1,570474,2558,26.413,3.372,47.383,23.283,18.2,2.3988,0.0,46.854702,6.7064033,267.59100516637164
6,1,570474,2558,28.678,2.265,71.033,23.65,14.96,3.6356,0.0,48.74057,1.8858688,267.59100516637164
6,1,570474,2558,30.508,1.83,96.283,25.25,15.57,4.0411,0.0,50.130074,1.3895029,267.59100516637164
6,1,570474,2577,3.917,3.917,1.05,1.05,17.76,3.3559,0.0,5.0065846,5.0065846,267.59100516637164
6,1,570474,2577,9.5714,5.6544,3.0167,1.9667,19.29,3.7928,0.0,12.340929,7.3343444,267.59100516637164
6,1,570474,2577,14.117,4.5456,5.9667,2.95,20.4,3.9213,0.0,18.71348,6.3725514,267.59100516637164
6,1,570474,2577,15.062,0.944999999999999,8.9167,2.95,18.65,2.6767,0.0,22.091972,3.378491,267.59100516637164
6,1,570474,2577,16.613,1.551,20.833,11.9163,10.4,1.8125,0.0,23.870874,1.7789022,267.59100516637164
6,1,570474,2577,21.185,4.572,45.533,24.7,16.36,1.3971,0.0,32.20641,8.335536,267.59100516637164
6,1,570474,2577,24.085,2.9,67.683,22.15,17.63,2.123,0.0,38.19524,5.988832,267.59100516637164
6,1,570474,2789,0.82462,0.82462,1.0167,1.0167,9.57,3.7528,0.0,0.68883485,0.68883485,267.59100516637164
6,1,570474,2789,2.0969,1.27228,2.85,1.8333,11.41,3.6924,0.0,1.9964604,1.3076255,267.59100516637164
6,1,570474,2789,3.6652,1.5683,6.15,3.3,12.65,3.7577,0.0,3.487772,1.4913116,267.59100516637164
6,1,570474,2789,4.4938,0.8286,8.95,2.8,13.85,3.1893,0.0,4.234086,0.74631417,267.59100516637164
6,1,570474,2789,5.2899,0.7961,22.883,13.933,11.22,2.12,0.0,4.51336,0.27927378,267.59100516637164
6,1,570474,2789,5.4887,0.198799999999999,47.533,24.65,12.31,1.2852,0.0,4.552526,0.039166037,267.59100516637164
6,1,570474,2789,5.7412,0.2525,71.133,23.6,11.24,3.0366,0.0,4.74414,0.19161417,267.59100516637164
6,1,570474,2789,5.7412,0.0,95.083,23.95,15.94,2.8493,0.0,4.946974,0.20283347,267.59100516637164
6,1,570474,2792,0.69624,0.69624,1.0333,1.0333,7.66,1.6001,0.0,0.05569053,0.05569053,267.59100516637164
6,1,570474,2792,2.1306,1.43436,3.0,1.9667,9.3,3.1215,0.0,1.522532,1.4668415,267.59100516637164
6,1,570474,2792,3.4556,1.325,6.0167,3.0167,9.2,4.1943,0.0,3.226784,1.704252,267.59100516637164
6,1,570474,2792,4.2839,0.8283,10.433,4.4163,7.25,4.3714,0.0,3.735266,0.50848204,267.59100516637164
6,1,570474,2792,5.9582,1.6743,23.3,12.867,4.32,2.1832,0.0,3.7744322,0.039166037,267.59100516637164
6,1,570474,2792,5.9582,0.0,48.083,24.783,6.87,3.7733,0.0,4.2171254,0.4426934,267.59100516637164
6,1,570474,2800,0.92149,0.92149,1.0333,1.0333,18.45,4.2321,0.0,1.2410775,1.2410775,267.59100516637164
6,1,570474,2800,1.7992,0.87771,3.0333,2.0,18.77,4.9364,0.0,1.9480233,0.70694584,267.59100516637164
6,1,570474,2800,2.6036,0.8044,6.25,3.2167,18.2,4.7398,0.0,2.530789,0.58276564,267.59100516637164
6,1,570474,2800,3.1987,0.5951,10.567,4.317,19.54,3.4454,0.0,2.9197483,0.3889592,267.59100516637164
6,1,570474,2800,3.1987,0.0,23.85,13.283,17.11,3.5068,0.0,2.9589143,0.039166037,267.59100516637164
6,1,570474,2800,3.1987,0.0,45.75,21.9,14.74,5.888,0.0,2.9980803,0.039166037,267.59100516637164
6,1,570474,2801,1.3496,1.3496,0.83333,0.83333,13.85,4.4383,0.0,0.94302326,0.94302326,267.59100516637164
6,1,570474,2801,3.4299,2.0803,2.8167,1.98337,14.74,4.2112,0.0,2.5735812,1.630558,267.59100516637164
6,1,570474,2801,5.3541,1.9242,5.8667,3.05,16.25,4.3618,0.0,4.3285546,1.7549735,267.59100516637164
6,1,570474,2801,6.8956,1.5415,9.3167,3.45,17.4,3.1451,0.0,4.726476,0.39792132,267.59100516637164
6,1,570474,2801,9.0449,2.1493,24.65,15.3333,13.79,2.2467,0.0,4.9938745,0.26739842,267.59100516637164
6,1,570474,2801,10.123,1.0781,48.367,23.717,14.22,6.4415,0.0,6.529053,1.5351788,267.59100516637164
6,1,570474,2831,3.1538,3.1538,1.0,1.0,18.5,3.5679,0.0,9.066464,9.066464,267.59100516637164
6,1,570474,2831,5.0747,1.9209,3.0667,2.0667,18.89,2.9958,0.0,15.979214,6.912749,267.59100516637164
6,1,570474,2831,6.3327,1.258,6.0833,3.0166,20.88,3.5435,0.0,19.002024,3.0228097,267.59100516637164
6,1,570474,2831,6.98,0.6473,8.9833,2.9,20.62,3.6434,0.0,20.433495,1.431472,267.59100516637164
6,1,570474,2831,7.0497,0.0696999999999992,22.433,13.4497,13.18,1.1234,0.0,21.006788,0.57329345,267.59100516637164
6,1,570474,2831,7.6285,0.5788,34.467,12.034,22.63,1.7801,0.0,21.779251,0.77246255,267.59100516637164
6,1,570474,2831,7.8097,0.1812,47.067,12.6,15.17,1.6745,0.0,21.818417,0.039166037,267.59100516637164
6,1,570474,2831,8.0472,0.2375,58.133,11.066,22.67,2.5993,0.0,21.857582,0.039166037,267.59100516637164
6,1,570474,2842,0.71209,0.71209,1.5,1.5,11.41,3.9208,0.0,1.7886637,1.7886637,267.59100516637164
6,1,570474,2842,1.8797,1.16761,3.5333,2.0333,12.87,4.5492,0.0,3.9806285,2.1919646,267.59100516637164
6,1,570474,2842,3.0014,1.1217,6.5,2.9667,14.6,4.4726,0.0,5.827611,1.8469827,267.59100516637164
6,1,570474,2842,3.5111,0.5097,9.5,3.0,13.7,4.8018,0.0,6.5978703,0.770259,267.59100516637164
6,1,570474,2842,3.75,0.2389,25.05,15.55,10.89,1.9249,0.0,7.2717905,0.67392033,267.59100516637164
6,1,570474,2842,3.8303,0.0802999999999998,36.633,11.583,13.66,1.4237,0.0,7.9811835,0.70939285,267.59100516637164
6,1,570474,2842,3.8303,0.0,48.433,11.8,9.68,0.53916,0.0,8.050178,0.06899387,267.59100516637164
6,1,570474,2842,3.8303,0.0,72.983,24.55,16.04,1.7246,0.0,8.535803,0.48562565,267.59100516637164
6,1,570474,2842,3.8303,0.0,97.75,24.767,16.67,2.9024,0.0,8.827643,0.29184058,267.59100516637164
6,1,570474,2851,5.2588,5.2588,0.93333,0.93333,27.14,2.8261,0.0,9.017011,9.017011,267.59100516637164
6,1,570474,2851,8.7365,3.4777,3.1167,2.18337,28.91,3.2029,0.0,13.917704,4.9006925,267.59100516637164
6,1,570474,2851,10.252,1.5155,6.5167,3.4,31.68,3.686,0.0,16.968987,3.0512824,267.59100516637164
6,1,570474,2851,10.509,0.257,10.417,3.9003,29.98,2.5849,0.0,17.351067,0.38208017,267.59100516637164
6,1,570474,2851,10.85,0.340999999999999,22.567,12.15,20.01,1.3438,0.0,17.390232,0.039166037,267.59100516637164
6,1,570474,2851,11.13,0.280000000000001,31.567,9.0,30.69,3.0097,0.0,17.429398,0.039166037,267.59100516637164
6,1,570474,2851,11.13,0.0,46.317,14.75,23.58,1.16,0.0,17.468563,0.039166037,267.59100516637164
6,1,570474,2857,2.1451,2.1451,0.98333,0.98333,15.39,3.5522,0.0,1.0621682,1.0621682,267.59100516637164
6,1,570474,2857,4.7901,2.645,3.0333,2.04997,16.96,3.8744,0.0,2.7689085,1.7067403,267.59100516637164
6,1,570474,2857,6.5784,1.7883,6.1333,3.1,17.02,3.1473,0.0,4.223881,1.4549723,267.59100516637164
6,1,570474,2857,6.9979,0.419499999999999,12.283,6.1497,13.65,1.2359,0.0,4.3706884,0.14680745,267.59100516637164
6,1,570474,2857,7.0977,0.0998000000000001,21.867,9.584,11.42,1.4134,0.0,4.4501505,0.07946214,267.59100516637164
6,1,570474,2857,8.4516,1.3539,35.783,13.916,18.2,4.0987,0.0,5.4353,0.9851495,267.59100516637164
6,1,570474,2857,8.4516,0.0,45.45,9.667,16.75,3.0932,0.0,5.5492887,0.11398889,267.59100516637164
6,1,570474,2857,8.4516,0.0,70.633,25.183,16.46,2.1638,0.0,5.69216,0.14287122,267.59100516637164
6,1,570474,2857,8.4516,0.0,95.85,25.217,18.78,3.1024,0.0,5.852688,0.16052775,267.59100516637164
6,1,570474,2858,1.5313,1.5313,1.0,1.0,24.71,3.4334,0.0,2.1899104,2.1899104,267.59100516637164
6,1,570474,2858,3.9068,2.3755,3.0333,2.0333,26.37,3.0005,0.0,4.1376476,1.9477373,267.59100516637164
6,1,570474,2858,6.5703,2.6635,6.1,3.0667,26.5,4.4034,0.0,6.532478,2.39483,267.59100516637164
6,1,570474,2858,8.1895,1.6192,9.4167,3.3167,24.48,5.1238,0.0,7.8081007,1.2756227,267.59100516637164
6,1,570474,2858,9.1279,0.9384,23.467,14.0503,17.49,3.2698,0.0,8.454282,0.64618146,267.59100516637164
6,1,570474,2858,9.5511,0.4232,31.917,8.45,25.74,2.7556,0.0,8.63116,0.1768781,267.59100516637164
6,1,570474,2858,9.9108,0.3597,48.1,16.183,24.59,2.4234,0.0,8.670326,0.039166037,267.59100516637164
6,1,570474,2858,10.013,0.1022,55.217,7.117,28.27,5.142,0.0,8.709493,0.039166037,267.59100516637164
6,1,570474,3127,12.544,12.544,0.5,0.5,13.8,3.9,0.0,11.912696,11.912696,267.59100516637164
6,1,570474,3127,31.025,18.481,1.5,1.0,14.4,4.7,0.0,35.347126,23.43443,267.59100516637164
6,1,570474,3127,39.873,8.848,3.0,1.5,14.2,4.4,0.0,48.544643,13.197516,267.59100516637164
6,1,570474,3127,43.345,3.472,5.9,2.9,14.1,3.5,0.0,58.723698,10.179055,267.59100516637164
6,1,570474,3127,44.913,1.568,9.9,4.0,13.5,3.3,0.0,62.186527,3.46283,267.59100516637164
6,1,570474,3127,47.041,2.128,21.5,11.6,9.5,2.1,0.0,64.298874,2.112346,267.59100516637164
6,1,570474,3127,51.522,4.481,46.4,24.9,12.2,1.5,0.0,73.60873,9.3098545,267.59100516637164
6,1,570474,3127,52.082,0.560000000000002,70.5,24.1,12.6,0.5,0.0,77.39638,3.7876523,267.59100516637164
6,1,570474,3127,52.53,0.448,94.2,23.7,12.4,0.8,0.0,79.257614,1.8612345,267.59100516637164
6,1,570474,3160,2.5705,2.5705,0.5,0.5,14.8,6.3,0.0,3.099286,3.099286,267.59100516637164
6,1,570474,3160,5.8074,3.2369,1.5,1.0,14.7,6.3,0.0,6.7479086,3.6486228,267.59100516637164
6,1,570474,3160,9.2348,3.4274,3.1,1.6,14.5,6.4,0.0,10.25424,3.506331,267.59100516637164
6,1,570474,3160,12.281,3.0462,7.7,4.6,14.2,4.6,0.0,12.582226,2.3279855,267.59100516637164
6,1,570474,3160,14.852,2.571,19.6,11.9,14.0,2.0,0.0,13.840594,1.2583693,267.59100516637164
6,1,570474,3160,20.278,5.426,31.5,11.9,15.5,5.4,0.0,16.526173,2.685577,267.59100516637164
6,1,570474,3160,21.326,1.048,44.2,12.7,14.9,2.4,0.0,17.327772,0.8016,267.59100516637164
6,1,570474,3160,23.039,1.713,68.3,24.1,15.8,2.6,0.0,18.796186,1.468414,267.59100516637164
6,1,570474,3160,24.658,1.619,93.0,24.7,15.5,5.5,0.0,20.196617,1.4004314,267.59100516637164
6,1,570474,3164,13.851,13.851,0.5,0.5,19.0,3.9,0.0,9.126273,9.126273,267.59100516637164
6,1,570474,3164,41.082,27.231,1.5,1.0,20.3,4.8,0.0,27.307106,18.180832,267.59100516637164
6,1,570474,3164,60.304,19.222,3.0,1.5,21.7,4.2,0.0,44.734097,17.42699,267.59100516637164
6,1,570474,3164,76.134,15.83,6.0,3.0,24.0,3.9,0.0,59.808285,15.074187,267.59100516637164
6,1,570474,3164,80.186,4.05200000000001,9.0,3.0,22.2,2.8,0.0,63.932568,4.1242833,267.59100516637164
6,1,570474,3164,87.818,7.63199999999999,22.9,13.9,16.8,2.5,0.0,72.49182,8.5592575,267.59100516637164
6,1,570474,3164,95.168,7.35000000000001,47.4,24.5,15.0,5.0,0.0,78.56021,6.068386,267.59100516637164
6,1,570474,3164,98.183,3.015,71.6,24.2,16.5,4.3,0.0,82.05957,3.4993613,267.59100516637164
6,1,570474,3164,99.879,1.696,96.1,24.5,17.5,4.6,0.0,83.91263,1.8530574,267.59100516637164
6,1,570474,3172,6.0556,6.0556,0.5,0.5,13.2,3.1554,0.0,7.890187,7.890187,267.59100516637164
6,1,570474,3172,16.796,10.7404,1.5833,1.0833,14.4,3.7653,0.0,22.469898,14.579712,267.59100516637164
6,1,570474,3172,24.947,8.151,3.05,1.4667,16.0,5.0134,0.0,32.60493,10.135032,267.59100516637164
6,1,570474,3172,36.552,11.605,5.9833,2.9333,17.4,5.4692,0.0,42.819363,10.214432,267.59100516637164
6,1,570474,3172,41.535,4.983,8.8167,2.8334,17.8,5.1107,0.0,46.981422,4.162061,267.59100516637164
6,1,570474,3172,46.788,5.253,23.033,14.2163,11.3,3.0595,0.0,49.72759,2.7461667,267.59100516637164
6,1,570474,3172,51.255,4.46700000000001,46.783,23.75,11.6,3.4499,0.0,54.323006,4.595414,267.59100516637164
6,1,570474,3172,53.044,1.78899999999999,70.867,24.084,14.1,2.7846,0.0,58.080246,3.7572408,267.59100516637164
6,1,570474,3172,53.941,0.897000000000006,95.617,24.75,15.7,2.1475,0.0,60.027565,1.94732,267.59100516637164
6,1,570474,3179,8.2353,8.2353,0.68333,0.68333,13.11,6.6991,0.0,11.206216,11.206216,267.59100516637164
6,1,570474,3179,14.15,5.9147,1.5,0.81667,13.57,6.9622,0.0,15.902731,4.6965146,267.59100516637164
6,1,570474,3179,18.238,4.088,2.95,1.45,14.17,7.8597,0.0,17.14733,1.244598,267.59100516637164
6,1,570474,3179,23.331,5.093,6.0,3.05,15.16,7.0136,0.0,18.643745,1.4964163,267.59100516637164
6,1,570474,3179,25.035,1.704,8.8833,2.8833,14.45,6.6949,0.0,20.334566,1.6908212,267.59100516637164
6,1,570474,3179,27.23,2.195,23.117,14.2337,13.28,4.2849,0.0,22.791729,2.4571624,267.59100516637164
6,1,570474,3179,29.34,2.11,46.983,23.866,9.38,5.7106,0.0,25.607975,2.816247,267.59100516637164
6,1,570474,3179,30.206,0.866,71.383,24.4,6.81,4.4463,0.0,26.269125,0.6611502,267.59100516637164
6,1,570474,3179,30.206,0.0,96.967,25.584,5.97,2.6812,0.0,26.693447,0.42432126,267.59100516637164
6,1,570474,3191,0.086902,0.086902,0.5,0.5,10.8,1.6,0.0,0.039166037,0.039166037,267.59100516637164
6,1,570474,3191,0.11173,0.024828,1.4,0.9,10.9,1.2,0.0,0.078332074,0.039166037,267.59100516637164
6,1,570474,3191,0.1738,0.06207,3.1,1.7,12.5,1.6,0.0,0.51643944,0.43810734,267.59100516637164
6,1,570474,3191,0.40968,0.23588,6.0,2.9,14.3,2.2,0.0,1.1014336,0.58499426,267.59100516637164
6,1,570474,3191,0.55866,0.14898,9.1,3.1,12.9,2.4,0.0,1.5944238,0.4929902,267.59100516637164
6,1,570474,3191,0.76971,0.21105,23.6,14.5,11.0,2.6,0.0,2.4202108,0.8257869,267.59100516637164
6,1,570474,3191,1.3284,0.55869,47.7,24.1,12.5,5.4,0.0,3.128556,0.7083453,267.59100516637164
6,1,570474,3191,1.3296,0.0011999999999998,71.7,24.0,7.6,2.9,0.0,3.167722,0.039166037,267.59100516637164
6,1,570474,3191,1.4898,0.1602,95.7,24.0,9.4,5.0,0.0,3.2068882,0.039166037,267.59100516637164
6,1,570474,3198,6.3088,6.3088,0.5,0.5,15.5,1.9,0.0,5.000028,5.000028,267.59100516637164
6,1,570474,3198,12.153,5.8442,1.5,1.0,16.7,2.2,0.0,12.212247,7.2122188,267.59100516637164
6,1,570474,3198,15.473,3.32,3.0,1.5,17.8,2.4,0.0,17.85056,5.6383123,267.59100516637164
6,1,570474,3198,17.798,2.325,5.6,2.6,18.9,2.1,0.0,21.392345,3.541787,267.59100516637164
6,1,570474,3198,19.126,1.328,9.9,4.3,19.0,1.5,0.0,22.612421,1.2200757,267.59100516637164
6,1,570474,3198,19.69,0.564,21.9,12.0,13.5,1.0,0.0,23.3052,0.6927796,267.59100516637164
6,1,570474,3198,20.753,1.063,46.8,24.9,13.8,2.6,0.0,24.501556,1.1963555,267.59100516637164
6,1,570474,3198,21.118,0.364999999999998,70.1,23.3,13.0,2.6,0.0,24.657103,0.15554546,267.59100516637164
6,1,570474,3198,21.35,0.232000000000003,94.9,24.8,10.0,1.8,0.0,24.819384,0.16228035,267.59100516637164
6,1,570474,3206,1.05,1.05,0.5,0.5,12.9,0.9,0.0,1.6252323,1.6252323,267.59100516637164
6,1,570474,3206,2.9787,1.9287,1.5,1.0,13.4,1.0,0.0,3.5338328,1.9086004,267.59100516637164
6,1,570474,3206,4.1144,1.1357,3.0,1.5,13.9,0.9,0.0,4.8479443,1.3141116,267.59100516637164
6,1,570474,3206,5.293,1.1786,6.1,3.1,13.6,1.4,0.0,6.762894,1.9149499,267.59100516637164
6,1,570474,3206,6.0216,0.7286,9.3,3.2,13.4,2.7,0.0,7.682231,0.91933674,267.59100516637164
6,1,570474,3206,6.4288,0.4072,20.9,11.6,11.7,1.0,0.0,8.242241,0.5600102,267.59100516637164
6,1,570474,3206,7.0288,0.600000000000001,45.8,24.9,13.1,1.8,0.0,9.1523905,0.9101492,267.59100516637164
6,1,570474,3206,7.1574,0.1286,69.7,23.9,13.2,1.7,0.0,9.191557,0.039166037,267.59100516637164
6,1,570474,3206,7.2645,0.1071,93.8,24.1,12.4,1.0,0.0,9.230722,0.039166037,267.59100516637164
6,1,570474,3213,3.5495,3.5495,0.5,0.5,20.9,2.6,0.0,4.5514674,4.5514674,267.59100516637164
6,1,570474,3213,6.5386,2.9891,1.5,1.0,21.9,2.4,0.0,8.595949,4.0444813,267.59100516637164
6,1,570474,3213,8.1577,1.6191,3.0,1.5,22.8,2.3,0.0,10.795154,2.1992047,267.59100516637164
6,1,570474,3213,9.4862,1.3285,6.0,3.0,24.7,2.0,0.0,12.369604,1.5744509,267.59100516637164
6,1,570474,3213,9.9636,0.477399999999999,9.7,3.7,25.6,1.8,0.0,12.74912,0.37951568,267.59100516637164
6,1,570474,3213,10.4,0.436400000000001,21.8,12.1,19.1,1.9,0.0,13.006395,0.25727582,267.59100516637164
6,1,570474,3213,10.586,0.186,46.9,25.1,19.4,2.0,0.0,13.38543,0.37903458,267.59100516637164
6,1,570474,3213,10.588,0.0019999999999988,71.1,24.2,15.0,2.7,0.0,13.424597,0.039166037,267.59100516637164
6,1,570474,3213,10.591,0.0030000000000001,95.4,24.3,17.7,1.9,0.0,13.463762,0.039166037,267.59100516637164
6,1,570474,3225,3.3742,3.3742,0.5,0.5,9.8,1.9,0.0,2.5900693,2.5900693,267.59100516637164
6,1,570474,3225,12.553,9.1788,1.5,1.0,11.2,2.5,0.0,6.8775053,4.287436,267.59100516637164
6,1,570474,3225,17.357,4.804,3.0,1.5,12.5,2.7,0.0,10.909166,4.031661,267.59100516637164
6,1,570474,3225,20.588,3.231,6.0,3.0,14.0,3.0,0.0,13.539698,2.630531,267.59100516637164
6,1,570474,3225,21.131,0.542999999999999,10.0,4.0,14.6,2.1,0.0,14.230158,0.6904604,267.59100516637164
6,1,570474,3225,21.134,0.0030000000000001,21.4,11.4,5.1,0.4,0.0,14.269324,0.039166037,267.59100516637164
6,1,570474,3225,22.075,0.940999999999999,46.6,25.2,10.4,1.8,0.0,15.707428,1.4381037,267.59100516637164
6,1,570474,3225,22.475,0.400000000000002,70.2,23.6,11.8,3.0,0.0,16.309793,0.6023654,267.59100516637164
6,1,570474,3225,22.904,0.428999999999998,94.7,24.5,12.5,2.4,0.0,16.707748,0.39795578,267.59100516637164
6,1,570474,3234,4.8373,4.8373,0.5,0.5,19.2,1.4,0.0,5.9250083,5.9250083,267.59100516637164
6,1,570474,3234,10.513,5.6757,1.6,1.1,21.4,1.1,0.0,14.806969,8.881961,267.59100516637164
6,1,570474,3234,13.826,3.313,3.0,1.4,24.0,1.5,0.0,21.274036,6.4670677,267.59100516637164
6,1,570474,3234,17.064,3.238,6.0,3.0,27.4,1.8,0.0,25.505135,4.231097,267.59100516637164
6,1,570474,3234,18.93,1.866,10.4,4.4,26.7,2.4,0.0,26.663452,1.1583167,267.59100516637164
6,1,570474,3234,20.225,1.295,21.6,11.2,15.2,1.1,0.0,26.702618,0.039166037,267.59100516637164
6,1,570474,3234,23.234,3.009,45.5,23.9,20.9,1.9,0.0,27.606573,0.9039566,267.59100516637164
6,1,570474,3234,24.986,1.752,70.7,25.2,18.5,4.1,0.0,28.303467,0.6968922,267.59100516637164
6,1,570474,3234,25.824,0.838000000000001,95.7,25.0,17.1,2.6,0.0,28.5696,0.26613376,267.59100516637164
6,1,570474,3236,3.8849,3.8849,0.5,0.5,10.9,1.9,0.0,3.51902,3.51902,267.59100516637164
6,1,570474,3236,10.971,7.0861,1.4,0.9,11.5,2.5,0.0,8.609945,5.0909247,267.59100516637164
6,1,570474,3236,18.849,7.878,2.8,1.4,12.0,2.8,0.0,13.622134,5.0121894,267.59100516637164
6,1,570474,3236,25.467,6.618,5.6,2.8,13.6,2.7,0.0,17.209925,3.5877905,267.59100516637164
6,1,570474,3236,27.374,1.907,8.5,2.9,12.7,2.3,0.0,17.789772,0.5798465,267.59100516637164
6,1,570474,3236,28.309,0.935000000000002,23.2,14.7,7.4,1.0,0.0,18.377527,0.5877565,267.59100516637164
6,1,570474,3236,29.784,1.475,46.6,23.4,8.9,2.0,0.0,19.677128,1.2995998,267.59100516637164
6,1,570474,3236,30.431,0.647000000000002,70.3,23.7,8.7,3.2,0.0,20.456709,0.7795809,267.59100516637164
6,1,570474,3236,30.503,0.0719999999999992,94.9,24.6,9.5,4.7,0.0,20.881691,0.4249835,267.59100516637164
6,1,570474,3257,0.20412,0.20412,0.5,0.5,25.1,2.2,0.0,1.0149307,1.0149307,267.59100516637164
6,1,570474,3257,0.95257,0.74845,1.5,1.0,26.6,3.0,0.0,2.4141161,1.3991854,267.59100516637164
6,1,570474,3257,2.0072,1.05463,2.9,1.4,28.9,3.0,0.0,3.705016,1.2908998,267.59100516637164
6,1,570474,3257,4.0484,2.0412,6.1,3.2,31.6,4.0,0.0,5.623204,1.9181881,267.59100516637164
6,1,570474,3257,4.5247,0.4763,22.9,16.8,22.2,2.6,0.0,6.900021,1.2768172,267.59100516637164
6,1,570474,3257,5.1371,0.6124,35.3,12.4,22.8,5.1,0.0,8.039652,1.1396306,267.59100516637164
6,1,570474,3257,5.4433,0.3062,49.0,13.7,18.7,0.9,0.0,8.078817,0.039166037,267.59100516637164
6,1,570474,3257,5.7495,0.3062,71.5,22.5,18.1,3.2,0.0,8.844936,0.7661187,267.59100516637164
6,1,570474,3257,5.8855,0.136,96.1,24.6,20.6,1.8,0.0,8.884103,0.039166037,267.59100516637164
6,1,570474,3286,0.22777,0.22777,0.5,0.5,20.9,2.5,0.0,0.6485477,0.6485477,267.59100516637164
6,1,570474,3286,0.68332,0.45555,1.5,1.0,22.1,2.5,0.0,1.8582432,1.2096956,267.59100516637164
6,1,570474,3286,1.5185,0.83518,3.0,1.5,23.4,3.3,0.0,3.1191082,1.260865,267.59100516637164
6,1,570474,3286,1.9234,0.4049,6.0,3.0,19.9,3.0,0.0,3.620431,0.5013226,267.59100516637164
6,1,570474,3286,2.2018,0.2784,10.7,4.7,17.4,2.4,0.0,3.659597,0.039166037,267.59100516637164
6,1,570474,3286,2.4549,0.2531,21.9,11.2,14.7,2.1,0.0,3.7504869,0.0908899,267.59100516637164
6,1,570474,3286,2.5561,0.1012,46.6,24.7,14.0,2.9,0.0,3.9692755,0.21878868,267.59100516637164
6,1,570474,3286,2.8092,0.2531,72.0,25.4,17.7,1.7,0.0,4.0084414,0.039166037,267.59100516637164
6,1,570474,3290,0.15125,0.15125,0.53333,0.53333,18.7,2.3489,0.0,0.039166037,0.039166037,267.59100516637164
6,1,570474,3290,0.28716,0.13591,1.5167,0.98337,20.2,2.3932,0.0,0.078332074,0.039166037,267.59100516637164
6,1,570474,3290,0.39707,0.10991,3.1,1.5833,20.4,3.0968,0.0,0.117498115,0.039166037,267.59100516637164
6,1,570474,3290,0.65132,0.25425,6.0333,2.9333,21.6,3.6606,0.0,0.39580238,0.27830425,267.59100516637164
6,1,570474,3290,0.65132,0.0,10.867,4.8337,19.5,2.3879,0.0,0.4615662,0.06576385,267.59100516637164
6,1,570474,3290,0.65132,0.0,23.033,12.166,16.7,3.2202,0.0,0.98181087,0.52024466,267.59100516637164
6,1,570474,3290,0.65132,0.0,47.783,24.75,16.9,2.4375,0.0,1.6957617,0.71395075,267.59100516637164
6,1,570474,3290,0.65132,0.0,71.9,24.117,16.3,2.4036,0.0,1.8547202,0.15895858,267.59100516637164
6,1,570474,3290,0.65132,0.0,95.667,23.767,14.5,3.7329,0.0,1.9102097,0.05548945,267.59100516637164
6,1,570474,3298,1.6031,1.6031,0.48333,0.48333,14.1,3.4965,0.0,0.5015766,0.5015766,267.59100516637164
6,1,570474,3298,3.8951,2.292,1.65,1.16667,14.3,3.228,0.0,1.5461011,1.0445244,267.59100516637164
6,1,570474,3298,5.7392,1.8441,3.15,1.5,15.1,2.4764,0.0,2.7624218,1.2163208,267.59100516637164
6,1,570474,3298,8.3517,2.6125,6.05,2.9,17.0,2.2587,0.0,4.580491,1.818069,267.59100516637164
6,1,570474,3298,11.332,2.9803,10.7,4.65,19.7,2.4708,0.0,6.0782886,1.4977978,267.59100516637164
6,1,570474,3298,12.988,1.656,23.567,12.867,13.9,2.3155,0.0,6.611174,0.5328855,267.59100516637164
6,1,570474,3298,14.899,1.911,48.783,25.216,14.5,2.522,0.0,7.5691695,0.95799536,267.59100516637164
6,1,570474,3298,15.598,0.699000000000002,72.9,24.117,16.4,2.2504,0.0,7.6083355,0.039166037,267.59100516637164
6,1,570474,3298,15.936,0.337999999999999,96.317,23.417,19.3,1.6726,0.0,8.019343,0.41100743,267.59100516637164
6,1,570474,3323,0.029299,0.029299,1.0,1.0,14.9,3.1785,0.0,0.2192611,0.2192611,267.59100516637164
6,1,570474,3323,0.56561,0.536311,3.0,2.0,15.3,3.7839,0.0,0.57208365,0.35282254,267.59100516637164
6,1,570474,3323,0.8897,0.32409,5.9833,2.9833,14.7,3.0195,0.0,0.6112497,0.039166037,267.59100516637164
6,1,570474,3323,0.8897,0.0,8.9333,2.95,14.3,2.6894,0.0,0.7540079,0.14275819,267.59100516637164
6,1,570474,3323,0.8897,0.0,23.633,14.6997,12.1,1.5782,0.0,1.4558219,0.701814,267.59100516637164
6,1,570474,3323,0.8897,0.0,48.317,24.684,12.7,3.0605,0.0,2.295358,0.8395361,267.59100516637164
6,1,570474,3323,0.8897,0.0,72.517,24.2,11.8,2.4266,0.0,2.334524,0.039166037,267.59100516637164
6,1,570474,3323,0.8897,0.0,98.65,26.133,10.4,1.8856,0.0,2.3736901,0.039166037,267.59100516637164
6,1,570474,3337,0.54958,0.54958,1.0,1.0,18.0,2.1511,0.0,0.2348313,0.2348313,267.59100516637164
6,1,570474,3337,1.9769,1.42732,3.0167,2.0167,19.9,2.5012,0.0,0.88981557,0.6549843,267.59100516637164
6,1,570474,3337,3.3304,1.3535,6.2667,3.25,24.3,2.7475,0.0,1.7411562,0.8513406,267.59100516637164
6,1,570474,3337,3.8855,0.5551,8.9667,2.7,25.2,2.6142,0.0,2.2384882,0.49733195,267.59100516637164
6,1,570474,3337,4.3145,0.429,23.0,14.0333,14.5,0.98641,0.0,2.681662,0.44317397,267.59100516637164
6,1,570474,3337,4.8185,0.504,46.917,23.917,18.7,1.8345,0.0,3.127501,0.445839,267.59100516637164
6,1,570474,3337,4.9595,0.141,71.0,24.083,18.1,2.4982,0.0,3.1666672,0.039166037,267.59100516637164
6,1,570474,3337,4.9595,0.0,96.35,25.35,19.2,2.7097,0.0,3.2058332,0.039166037,267.59100516637164
6,1,570474,3355,0.24601,0.24601,1.0,1.0,8.5,3.29,0.0,1.3112357,1.3112357,267.59100516637164
6,1,570474,3355,0.66018,0.41417,3.0,2.0,9.0,3.7768,0.0,3.0630994,1.7518638,267.59100516637164
6,1,570474,3355,0.91462,0.25444,5.9667,2.9667,9.1,3.5498,0.0,4.5850854,1.5219859,267.59100516637164
6,1,570474,3355,1.0959,0.18128,9.0,3.0333,8.3,4.2053,0.0,4.7556252,0.17053965,267.59100516637164
6,1,570474,3355,1.3997,0.3038,24.417,15.417,3.5,3.2984,0.0,4.794791,0.039166037,267.59100516637164
6,1,570474,3355,1.8693,0.4696,48.583,24.166,5.9,3.7257,0.0,5.0353513,0.24056037,267.59100516637164
6,1,570474,3355,2.1699,0.3006,72.4,23.817,7.4,2.6611,0.0,5.089034,0.0536825,267.59100516637164
6,1,570474,3355,2.2794,0.1095,96.567,24.167,7.8,2.9977,0.0,5.1876802,0.09864653,267.59100516637164
6,1,570474,3357,0.15712,0.15712,0.83333,0.83333,9.7,2.1659,0.0,0.27168065,0.27168065,267.59100516637164
6,1,570474,3357,0.42283,0.26571,2.8333,1.99997,12.0,2.0939,0.0,0.9147776,0.6430969,267.59100516637164
6,1,570474,3357,0.59074,0.16791,5.8333,3.0,15.3,1.1943,0.0,1.8652382,0.95046055,267.59100516637164
6,1,570474,3357,0.63787,0.04713,7.8,1.9667,15.3,0.78723,0.0,1.9044042,0.039166037,267.59100516637164
6,1,570474,3357,0.63787,0.0,23.033,15.233,3.4,0.49549,0.0,1.9435703,0.039166037,267.59100516637164
6,1,570474,3357,0.82626,0.18839,47.583,24.55,8.8,0.7465,0.0,1.9827362,0.039166037,267.59100516637164
6,1,570474,3357,0.82626,0.0,69.767,22.184,9.0,1.9157,0.0,2.0219023,0.039166037,267.59100516637164
6,1,570474,3357,0.82626,0.0,92.933,23.166,8.3,1.7299,0.0,2.0610683,0.039166037,267.59100516637164
6,1,570474,3360,2.838,2.838,1.05,1.05,9.79,2.3066,0.0,1.2359979,1.2359979,267.59100516637164
6,1,570474,3360,7.5792,4.7412,3.0667,2.0167,12.47,1.8035,0.0,3.408278,2.17228,267.59100516637164
6,1,570474,3360,10.599,3.0198,6.0833,3.0166,16.18,1.2569,0.0,7.316023,3.9077451,267.59100516637164
6,1,570474,3360,10.848,0.249000000000001,8.5167,2.4334,14.98,0.42688,0.0,9.220594,1.9045712,267.59100516637164
6,1,570474,3360,11.261,0.412999999999998,22.6,14.0833,4.39,0.49573,0.0,10.785369,1.564775,267.59100516637164
6,1,570474,3360,16.928,5.667,46.783,24.183,7.03,2.1077,0.0,12.730805,1.9454358,267.59100516637164
6,1,570474,3360,16.928,0.0,72.183,25.4,7.61,1.8517,0.0,14.485835,1.75503,267.59100516637164
6,1,570474,3360,16.928,0.0,95.367,23.184,7.11,2.3985,0.0,16.189121,1.7032866,267.59100516637164
