sample,model,pmid,e.cum,delta_e.cum,ct,dt,air.temp,wind.2m,rain.rate,prediction_ecum,prediction_delta_ecum,running_time
5,24,182,7.148,7.148,4.0,4.0,8.2,8.1,0.0,8.619442,7.9434924,14.605783744653065
5,24,182,8.2921,1.1441,21.0,17.0,4.45,3.98,0.0,11.968244,4.669039,14.605783744653065
5,24,182,11.831,3.5389,44.75,23.75,7.22,6.57,0.0084211,11.833304,2.703812,14.605783744653065
5,24,182,12.632,0.801,92.99,48.24,10.04,4.86,0.05597,14.406363,3.5314448,14.605783744653065
5,24,182,16.419,3.787,164.99,72.0,12.13,5.38,0.088889,19.362759,2.2260373,14.605783744653065
5,24,188,6.9084,6.9084,4.75,4.75,6.17,7.02,0.54737,8.335,7.3865924,14.605783744653065
5,24,188,9.1181,2.2097,23.35,18.6,4.19,6.13,0.091398,10.778092,3.963599,14.605783744653065
5,24,188,11.616,2.4979,46.25,22.9,5.18,4.56,0.0087336,11.055043,2.0706043,14.605783744653065
5,24,188,14.847,3.231,94.25,48.0,7.05,4.9,0.095833,13.373208,3.6543338,14.605783744653065
5,24,188,16.195,1.348,167.5,73.25,6.75,4.99,0.12969,17.987236,2.2585924,14.605783744653065
5,24,207,1.7365,1.7365,0.75,0.75,13.7,2.3,0.0,0.7420746,1.0971464,14.605783744653065
5,24,207,4.8156,3.0791,5.4167,4.6667,16.5,2.4,0.10714,4.6527715,3.0662334,14.605783744653065
5,24,207,8.9799,4.1643,23.917,18.5003,14.4,3.3,0.0,9.177118,4.5765347,14.605783744653065
5,24,207,10.835,1.8551,49.333,25.416,13.5,3.0,0.0,14.05546,4.0308814,14.605783744653065
5,24,207,12.406,1.571,96.083,46.75,18.0,2.8,0.002139,18.769293,3.3540697,14.605783744653065
5,24,207,14.106,1.7,170.33,74.247,14.6,3.3,0.10505,21.523617,1.3054881,14.605783744653065
5,24,927,4.408,4.408,1.0,1.0,16.3,8.1827,0.2,4.803182,4.607341,14.605783744653065
5,24,927,7.924,3.516,3.0,2.0,16.3,8.1317,0.0,7.2261395,4.2010026,14.605783744653065
5,24,927,8.104,0.179999999999999,6.0,3.0,16.3,7.2134,0.0,7.442563,1.1986196,14.605783744653065
5,24,927,8.5615,0.457500000000001,24.25,18.25,17.6,3.6832,0.10929,8.088447,1.2106613,14.605783744653065
5,24,927,9.655,1.0935,48.583,24.333,17.3,5.4994,0.0,8.834172,0.5010415,14.605783744653065
5,24,927,10.139,0.484,92.583,44.0,13.5,3.7343,0.12727,10.83051,1.1090184,14.605783744653065
5,24,927,8.904,-1.235,142.0,49.417,17.9,4.4893,0.0,12.355005,0.99059653,14.605783744653065
5,24,930,0.192,0.192,1.0,1.0,10.2,1.1529,0.0,0.732777,0.5696449,14.605783744653065
5,24,930,0.852,0.66,3.0833,2.0833,10.2,1.6223,0.0,2.6471152,1.3941114,14.605783744653065
5,24,930,1.5811,0.7291,6.0833,3.0,10.2,2.3059,0.0,5.1394553,0.9372059,14.605783744653065
5,24,930,3.5971,2.016,24.167,18.0837,8.1,2.0406,0.0,6.550936,1.9071825,14.605783744653065
5,24,930,6.7387,3.1416,48.167,24.0,7.7,3.8975,0.042017,8.355734,2.3051553,14.605783744653065
5,24,930,8.0827,1.344,96.0,47.833,6.8,4.3056,0.070833,10.61408,1.8568497,14.605783744653065
5,24,930,8.4867,0.404,143.83,47.83,5.3,3.0915,0.0,11.046081,0.4940976,14.605783744653065
5,24,935,1.638,1.638,1.1667,1.1667,5.1,3.1629,0.0,0.46957994,0.25194454,14.605783744653065
5,24,935,2.614,0.976,3.3333,2.1666,5.1,3.1629,0.0,-0.13199449,0.18043293,14.605783744653065
5,24,935,2.8509,0.2369,5.6667,2.3334,5.1,3.1629,0.0,1.0597639,-0.21307607,14.605783744653065
5,24,935,6.5859,3.735,22.25,16.5833,7.9,4.4485,0.0,5.220126,2.2759404,14.605783744653065
5,24,935,10.29,3.7041,46.0,23.75,8.8,2.265,0.12552,9.768881,3.2351394,14.605783744653065
5,24,935,13.188,2.898,94.333,48.333,7.6,2.9078,0.082816,12.173288,2.9245598,14.605783744653065
5,24,935,15.274,2.086,142.85,48.517,5.4,4.4383,0.012371,14.498413,2.195041,14.605783744653065
5,24,958,2.208,2.208,1.0833,1.0833,10.0,5.1014,0.0,1.2575525,0.96198845,14.605783744653065
5,24,958,3.73,1.522,3.0833,2.0,10.0,5.1014,0.0,2.855886,1.3674957,14.605783744653065
5,24,958,5.221,1.491,6.0833,3.0,10.0,5.1014,0.0,4.3173504,1.6462903,14.605783744653065
5,24,958,6.481,1.26,24.083,17.9997,9.3,5.3871,0.47778,6.8241444,2.1841214,14.605783744653065
5,24,958,6.3076,-0.1734,53.0,28.917,9.0,5.3871,0.24221,6.749718,0.9522888,14.605783744653065
5,24,958,5.818,-0.4896,93.75,40.75,10.4,2.9792,0.044118,7.150394,0.6604146,14.605783744653065
5,24,958,6.2404,0.422400000000001,146.5,52.75,9.3,2.1222,0.0,7.32878,0.369852,14.605783744653065
5,24,971,2.33,2.33,1.0,1.0,16.0,2.265,0.0,2.0879433,2.1026506,14.605783744653065
5,24,971,6.06,3.73,3.0,2.0,16.0,2.265,0.0,4.060908,1.835089,14.605783744653065
5,24,971,7.878,1.818,6.0,3.0,16.0,2.265,0.0,5.5284925,1.8046812,14.605783744653065
5,24,971,9.174,1.296,24.0,18.0,18.0,3.6832,0.0,8.045848,1.9953563,14.605783744653065
5,24,971,9.822,0.648,48.0,24.0,20.0,2.265,0.0,9.14451,0.49887186,14.605783744653065
5,24,971,10.398,0.576000000000001,96.0,48.0,20.0,2.265,0.0,10.468735,0.61994725,14.605783744653065
5,24,971,10.254,-0.144,144.0,48.0,18.5,3.3976,0.0,11.470586,0.046825305,14.605783744653065
5,24,979,2.5942,2.5942,3.4333,3.4333,21.2,1.31,0.0,6.0483704,6.5005937,14.605783744653065
5,24,979,6.0426,3.4484,18.233,14.7997,16.0,0.74,0.0,10.49022,3.3621867,14.605783744653065
5,24,979,11.477,5.4344,44.267,26.034,15.8,2.04,0.0,14.51764,3.6308658,14.605783744653065
5,24,979,12.97,1.493,68.0,23.733,16.3,2.26,0.0,17.612803,2.185438,14.605783744653065
5,24,979,13.996,1.026,122.07,54.07,17.5,1.58,0.0074074,18.483366,1.3869663,14.605783744653065
5,24,979,14.458,0.462,164.2,42.13,16.1,2.25,0.014286,17.330862,-0.6411772,14.605783744653065
5,24,982,2.6796,2.6796,2.7667,2.7667,12.6,4.18,0.0,3.8696456,3.8629472,14.605783744653065
5,24,982,11.038,8.3584,5.9667,3.2,13.6,5.06,0.0,7.2048492,3.7872753,14.605783744653065
5,24,982,25.329,14.291,23.683,17.7163,11.5,4.74,0.011364,9.912176,3.7798488,14.605783744653065
5,24,982,28.113,2.784,47.65,23.967,11.7,3.78,0.033333,12.260342,2.71779,14.605783744653065
5,24,982,29.274,1.161,72.367,24.717,9.8,3.68,0.13765,13.646622,1.7719941,14.605783744653065
5,24,982,31.193,1.919,126.22,53.853,9.6,2.9,0.06379,14.051949,0.710371,14.605783744653065
5,24,982,31.749,0.555999999999997,172.58,46.36,11.6,4.04,0.0,13.258538,0.021248413,14.605783744653065
5,24,1002,1.84,1.84,4.05,4.05,10.3,4.02,0.0,3.7571943,3.729129,14.605783744653065
5,24,1002,3.12,1.28,24.05,20.0,8.6,1.86,0.0,6.7192397,2.4501088,14.605783744653065
5,24,1002,5.4384,2.3184,44.8,20.75,10.8,3.1,0.0,6.689081,1.8700957,14.605783744653065
5,24,1002,6.512,1.0736,69.383,24.583,10.0,3.48,0.065574,5.0814576,0.8298718,14.605783744653065
5,24,1002,6.7525,0.240500000000001,117.55,48.167,8.9,3.4,0.22869,5.1773686,0.009208275,14.605783744653065
5,24,1002,6.895,0.142499999999999,165.05,47.5,7.5,2.92,0.063158,5.89935,-0.2444648,14.605783744653065
5,24,1007,2.517,2.517,3.0167,3.0167,8.9,4.43,0.0,2.5610425,2.5554676,14.605783744653065
5,24,1007,13.74,11.223,24.0,20.9833,9.6,7.45,0.0095694,6.259554,2.7037513,14.605783744653065
5,24,1007,22.99,9.25,52.217,28.217,10.9,7.21,0.042553,8.286887,3.054879,14.605783744653065
5,24,1007,23.903,0.913,72.583,20.366,10.3,5.81,0.098522,8.741429,1.7359234,14.605783744653065
5,24,1007,25.495,1.592,119.42,46.837,6.9,3.99,0.055556,8.115261,0.32043087,14.605783744653065
5,24,1007,25.065,-0.43,167.12,47.7,8.7,3.29,0.062893,5.5996327,-0.33259058,14.605783744653065
5,24,1017,12.753,12.753,2.5667,2.5667,21.4,3.76,0.0,5.6018214,6.1077027,14.605783744653065
5,24,1017,25.196,12.443,5.7,3.1333,21.1,3.71,0.0,10.602505,4.769105,14.605783744653065
5,24,1017,29.012,3.816,23.683,17.983,13.5,1.43,0.0,12.843622,3.5637264,14.605783744653065
5,24,1017,32.154,3.142,47.483,23.8,16.3,2.26,0.0,16.1092,2.6913722,14.605783744653065
5,24,1017,33.605,1.45099999999999,71.067,23.584,17.2,1.9,0.0,19.054758,1.3890773,14.605783744653065
5,24,1017,33.605,0.0,120.23,49.163,16.5,1.44,0.016293,20.293755,0.3975369,14.605783744653065
5,24,1017,33.838,0.233000000000004,166.82,46.59,18.6,2.2,0.0,19.81269,0.13372107,14.605783744653065
5,24,1120,24.0,24.0,24.0,24.0,11.04,1.4612,0.0,22.781912,21.333021,14.605783744653065
5,24,1120,28.656,4.656,48.0,24.0,13.87,1.4151,0.0,26.373756,2.7334032,14.605783744653065
5,24,1120,29.64,0.984000000000002,72.0,24.0,17.92,1.6452,0.0,31.82603,2.3348408,14.605783744653065
5,24,1120,29.64,0.0,168.0,96.0,12.38,1.3461,0.72083,33.627544,1.8782508,14.605783744653065
5,24,1149,1.7205,1.7205,1.5,1.5,12.7,7.4,0.0,1.4682821,1.2344849,14.605783744653065
5,24,1149,7.8098,6.0893,5.5167,4.0167,13.2,7.3,0.024896,3.2095728,2.04757,14.605783744653065
5,24,1149,14.483,6.6732,23.8,18.2833,6.7,3.77,0.010939,4.621652,1.7923639,14.605783744653065
5,24,1149,18.211,3.728,50.617,26.817,10.3,3.72,0.003729,4.7492614,1.3411542,14.605783744653065
5,24,1149,19.118,0.907,72.217,21.6,11.6,5.14,0.30556,6.817731,1.3044851,14.605783744653065
5,24,1149,19.913,0.795000000000002,144.53,72.313,10.7,2.93,0.022125,7.5987325,0.4990083,14.605783744653065
5,24,1149,20.455,0.541999999999998,168.08,23.55,11.4,2.53,0.03397,9.35584,0.29881668,14.605783744653065
5,24,1154,2.277,2.277,1.8333,1.8333,10.7,3.2,0.0,1.9415921,1.7921753,14.605783744653065
5,24,1154,4.1844,1.9074,5.75,3.9167,12.6,3.6,0.0,3.675676,1.5683492,14.605783744653065
5,24,1154,5.2615,1.0771,25.333,19.583,9.7,2.4,0.0,4.676276,1.8193583,14.605783744653065
5,24,1154,5.8719,0.6104,49.75,24.417,15.1,3.8,0.26212,5.827539,1.2193432,14.605783744653065
5,24,1154,6.7291,0.8572,72.917,23.167,14.0,5.1,0.060432,6.170204,0.37320414,14.605783744653065
5,24,1154,7.3051,0.576000000000001,96.917,24.0,13.6,5.5,0.025,5.6857862,0.31437156,14.605783744653065
5,24,1154,7.9911,0.686,145.92,49.003,11.6,4.0,0.27755,5.087754,0.24160959,14.605783744653065
5,24,1194,0.95872,0.95872,1.0167,1.0167,3.3,3.4087,0.68852,0.23453474,0.19027556,14.605783744653065
5,24,1194,1.8707,0.91198,5.0167,4.0,5.9,4.372,0.0,0.9166944,0.6605973,14.605783744653065
5,24,1194,2.1514,0.2807,25.067,20.0503,5.6,2.3713,0.0,4.7303724,1.5860641,14.605783744653065
5,24,1194,6.0937,3.9423,50.833,25.766,6.6,2.89,0.0,9.834031,2.7315915,14.605783744653065
5,24,1194,8.8839,2.7902,79.017,28.184,7.9,4.8167,0.0,12.34317,1.177353,14.605783744653065
5,24,1194,11.622,2.7381,144.22,65.203,6.4,2.5195,0.0006135,16.62864,3.7607927,14.605783744653065
5,24,1201,1.29,1.29,1.0,1.0,5.2,5.1131,0.2,-1.1423677,-0.75356245,14.605783744653065
5,24,1201,2.474,1.184,5.0,4.0,4.2,4.372,0.125,-1.8306172,-0.61694133,14.605783744653065
5,24,1201,3.6015,1.1275,26.683,21.683,5.7,2.5936,0.0,2.281074,0.9803294,14.605783744653065
5,24,1201,7.6367,4.0352,52.55,25.867,6.6,2.89,0.0,6.706427,1.4281484,14.605783744653065
5,24,1201,7.8064,0.1697,80.833,28.283,7.9,4.8167,0.0,9.167751,0.5567696,14.605783744653065
5,24,1201,8.7937,0.987299999999999,146.65,65.817,6.4,2.5195,0.00060775,10.901335,1.3855765,14.605783744653065
5,24,1202,4.476,4.476,1.0,1.0,2.7,4.8908,1.1,1.0651076,0.7340144,14.605783744653065
5,24,1202,6.6572,2.1812,5.1,4.1,5.1,4.2238,0.04878,1.6078949,0.85784566,14.605783744653065
5,24,1202,9.5949,2.9377,26.083,20.983,5.6,2.4454,0.0,5.1776724,1.6515443,14.605783744653065
5,24,1202,13.961,4.3661,51.917,25.834,6.6,2.89,0.0,9.962451,2.7212331,14.605783744653065
5,24,1202,16.929,2.968,80.183,28.266,7.9,4.8167,0.0,12.913351,1.5321249,14.605783744653065
5,24,1202,20.546,3.617,145.95,65.767,6.4,2.5195,0.00060821,17.133484,3.8163629,14.605783744653065
5,24,1220,3.3746,3.3746,0.96667,0.96667,20.2,2.8379,0.0,2.3711042,2.7718902,14.605783744653065
5,24,1220,9.0146,5.64,6.9667,6.00003,19.1,3.4515,0.0,5.623573,3.472564,14.605783744653065
5,24,1220,11.038,2.0234,21.117,14.1503,11.8,2.5311,0.0,8.2295475,3.072398,14.605783744653065
5,24,1220,14.037,2.999,48.133,27.016,13.5,3.068,0.0,10.238785,2.8013928,14.605783744653065
5,24,1220,14.985,0.947999999999999,73.767,25.634,15.3,2.1476,0.0,13.401396,2.0839915,14.605783744653065
5,24,1220,16.383,1.398,166.97,93.203,13.3,1.6874,0.001073,19.417425,1.9807608,14.605783744653065
5,24,1235,1.058,1.058,1.0,1.0,13.9,3.1449,0.8,1.2950131,1.6330981,14.605783744653065
5,24,1235,2.6824,1.6244,2.9833,1.9833,13.0,3.2181,0.30252,3.6509209,2.4093893,14.605783744653065
5,24,1235,3.5383,0.8559,8.7667,5.7834,14.2,2.0479,0.0,5.546491,2.246704,14.605783744653065
5,24,1235,3.6141,0.0758000000000001,23.933,15.1663,9.5,1.2433,0.0,6.4225154,1.5821198,14.605783744653065
5,24,1235,4.3864,0.7723,48.067,24.134,11.7,2.4135,0.00082873,6.625988,1.6368313,14.605783744653065
5,24,1235,6.0107,1.6243,73.85,25.783,9.5,2.9987,0.0038785,6.635778,0.81252503,14.605783744653065
5,24,1235,6.4893,0.4786,142.22,68.37,9.3,2.8524,0.0014627,7.1569433,0.49211252,14.605783744653065
5,24,1237,0.824,0.824,1.0,1.0,14.4,3.2181,0.0,0.588771,1.503696,14.605783744653065
5,24,1237,1.88,1.056,3.0,2.0,15.1,2.4135,0.0,3.2662144,2.2955256,14.605783744653065
5,24,1237,2.4168,0.5368,8.65,5.65,12.7,1.0971,0.0,3.9079254,1.4959157,14.605783744653065
5,24,1237,2.5556,0.1388,24.083,15.433,10.2,1.5359,0.0019438,5.094185,1.2958616,14.605783744653065
5,24,1237,3.6165,1.0609,45.3,21.217,11.3,2.4135,0.00094266,5.4300404,1.3469148,14.605783744653065
5,24,1237,4.4931,0.8766,71.083,25.783,9.5,2.9987,0.0038785,5.4035,0.45327175,14.605783744653065
5,24,1237,5.1758,0.6827,139.35,68.267,9.3,2.8524,0.0014648,6.1467524,0.33162647,14.605783744653065
5,24,1242,0.503,0.503,1.0,1.0,8.8,2.4454,0.0,-0.010492213,0.42456388,14.605783744653065
5,24,1242,1.283,0.78,3.0,2.0,9.7,3.5569,0.0,2.4386258,1.8198783,14.605783744653065
5,24,1242,1.9443,0.6613,8.1667,5.1667,8.7,4.1497,0.0,3.9321892,1.8469942,14.605783744653065
5,24,1242,3.0007,1.0564,22.067,13.9003,6.6,2.8159,0.0,5.1992755,1.6882517,14.605783744653065
5,24,1242,4.5278,1.5271,47.1,25.033,7.9,2.5195,0.0,6.0447354,1.5032417,14.605783744653065
5,24,1242,5.0374,0.5096,71.367,24.267,12.0,2.6677,0.0,6.776365,0.6867367,14.605783744653065
5,24,1242,6.1691,1.1317,142.1,70.733,14.4,4.8908,0.0,8.578575,1.0491967,14.605783744653065
5,24,1248,1.093,1.093,1.0,1.0,10.0,4.6684,0.0,-1.7385694,-1.0057857,14.605783744653065
5,24,1248,1.459,0.366,3.0,2.0,9.1,4.5202,0.0,-0.58707464,0.15153839,14.605783744653065
5,24,1248,1.9531,0.4941,7.5333,4.5333,6.6,2.8159,0.0,-0.2000592,-0.05040936,14.605783744653065
5,24,1248,3.2933,1.3402,23.117,15.5837,8.0,3.4087,0.0,1.2773616,1.1211157,14.605783744653065
5,24,1248,5.4832,2.1899,43.583,20.466,7.0,2.0749,0.0,4.152633,1.0859118,14.605783744653065
5,24,1248,5.6782,0.195,67.95,24.367,12.0,2.6677,0.0,6.813003,0.8458564,14.605783744653065
5,24,1248,5.6782,0.0,138.48,70.53,14.3,4.8908,0.0,9.097504,0.936146,14.605783744653065
5,24,1341,8.32,8.32,6.9333,6.9333,27.5,1.5647,0.33173,8.795084,8.32355,14.605783744653065
5,24,1341,9.1635,0.843500000000001,10.95,4.0167,22.7,1.6337,0.6722,9.1622925,1.8934603,14.605783744653065
5,24,1341,9.2933,0.129799999999999,23.933,12.983,18.26,0.33365,0.28498,7.7950134,0.5311481,14.605783744653065
5,24,1341,9.4583,0.164999999999999,29.433,5.5,15.58,1.6798,2.0364,8.422513,1.1505952,14.605783744653065
5,24,1341,9.5208,0.0625,35.683,6.25,15.4,1.6337,0.048,8.527732,0.4025604,14.605783744653065
5,24,1341,9.6425,0.121700000000001,47.85,12.167,14.53,0.85138,0.016438,9.296038,0.828847,14.605783744653065
5,24,1341,9.7775,0.135,54.6,6.75,19.89,2.2665,0.0,11.234082,0.8747258,14.605783744653065
5,24,1461,0.45303,0.45303,1.0667,1.0667,24.7,1.1046,0.0,-1.3282644,-0.4235053,14.605783744653065
5,24,1461,0.59219,0.13916,2.0667,1.0,25.1,1.8558,0.0,-1.5479403,-0.6889942,14.605783744653065
5,24,1461,0.74024,0.14805,4.0667,2.0,25.7,1.2924,0.0,-1.2720381,0.66240406,14.605783744653065
5,24,1461,0.8113,0.07106,7.0667,3.0,24.0,1.193,0.0,0.5058403,0.061089918,14.605783744653065
5,24,1461,0.83499,0.02369,11.067,4.0003,18.8,1.0163,0.0,0.48967612,-0.33630273,14.605783744653065
5,24,1461,0.84684,0.01185,15.067,4.0,15.3,0.74011,0.0,0.23710632,-0.6960855,14.605783744653065
5,24,1461,0.85868,0.01184,19.067,4.0,14.5,0.82848,0.0,0.43466377,-0.2136151,14.605783744653065
5,24,1461,0.90309,0.0444099999999999,22.067,3.0,22.2,0.57441,0.0,1.0602374,-0.23079757,14.605783744653065
5,24,1461,0.94751,0.04442,25.067,3.0,26.8,0.88371,0.0,1.4811494,-0.3454625,14.605783744653065
5,24,1461,0.98304,0.0355300000000001,28.067,3.0,28.7,2.4854,0.0,1.5043929,-0.31456947,14.605783744653065
5,24,1461,1.0008,0.0177599999999999,31.067,3.0,26.0,2.3529,0.0,1.1920189,-0.35604,14.605783744653065
5,24,1461,1.0245,0.0237000000000001,35.067,4.0,22.1,1.8889,0.045,0.8649967,-0.28847557,14.605783744653065
5,24,1461,1.0363,0.0118,39.067,4.0,17.4,1.8668,2.9525,0.8655424,-0.36722755,14.605783744653065
5,24,1461,1.0363,0.0,43.067,4.0,15.4,1.5686,1.2025,0.84188676,-0.27917963,14.605783744653065
5,24,1461,1.0363,0.0,46.067,3.0,17.1,1.3918,0.0,0.7163913,-0.15344433,14.605783744653065
5,24,1461,1.0509,0.0145999999999999,47.3,1.233,18.3,1.4692,0.0,0.6054261,-0.20750336,14.605783744653065
5,24,1473,0.16483,0.16483,0.35,0.35,17.6,0.42316,0.0,-1.3857846,-0.7545066,14.605783744653065
5,24,1473,0.25366,0.08883,0.68333,0.33333,18.5,0.61846,0.0,-0.51176476,-0.2024896,14.605783744653065
5,24,1473,0.31781,0.06415,1.0167,0.33337,19.2,0.62931,0.0,-0.5435989,0.7091892,14.605783744653065
5,24,1473,0.39776,0.07995,1.5167,0.5,19.9,0.50996,0.0,0.07132792,0.27000022,14.605783744653065
5,24,1473,0.45994,0.06218,2.0167,0.5,20.6,0.50996,0.0,0.5091437,-0.1607201,14.605783744653065
5,24,1473,0.52508,0.06514,3.0167,1.0,22.0,0.77036,0.0,0.8301722,-0.31663096,14.605783744653065
5,24,1473,0.60206,0.07698,4.0167,1.0,23.7,1.0416,0.0,1.4802363,0.043773904,14.605783744653065
5,24,1473,0.66424,0.06218,5.0167,1.0,25.0,1.3563,0.0,1.8337572,-0.20072459,14.605783744653065
5,24,1473,0.71162,0.04738,6.0167,1.0,26.0,1.378,0.0,1.8295879,-0.3165263,14.605783744653065
5,24,1473,0.72642,0.0147999999999999,7.0167,1.0,26.2,1.5299,0.0,1.8098118,-0.31647265,14.605783744653065
5,24,1473,0.73531,0.00889,8.0167,1.0,26.0,0.61846,0.0,1.8151002,-0.36832595,14.605783744653065
5,24,1473,0.74419,0.00888,9.0167,1.0,25.8,0.72696,0.0,1.8665533,-0.31328094,14.605783744653065
5,24,1473,0.75011,0.00592,11.017,2.0003,24.0,0.90057,0.0,2.1190593,-0.23461245,14.605783744653065
5,24,1473,0.76788,0.01777,14.017,3.0,19.7,1.6492,0.0,2.0949554,-0.14904903,14.605783744653065
5,24,1473,0.79156,0.02368,18.017,4.0,16.5,1.5733,0.0,1.9277971,-0.057543024,14.605783744653065
5,24,1473,0.83894,0.04738,22.017,4.0,14.5,1.5841,0.0,1.6974285,-0.0031399596,14.605783744653065
5,24,1473,0.85078,0.01184,24.017,2.0,18.4,0.67271,0.0,1.7679946,-0.090626225,14.605783744653065
5,24,1473,0.86263,0.01185,26.017,2.0,22.2,1.1501,0.0,2.1784217,0.0422609,14.605783744653065
5,24,1473,0.86263,0.0,28.017,2.0,26.0,1.0308,0.0,2.6711748,-0.0017059911,14.605783744653065
5,24,1473,0.86263,0.0,30.017,2.0,28.1,1.6709,0.0,2.978217,-0.04914449,14.605783744653065
5,24,1474,0.13028,0.13028,0.28333,0.28333,19.5,0.66112,0.0,-1.2899499,-0.6771705,14.605783744653065
5,24,1474,0.28425,0.15397,0.61667,0.33334,19.7,0.50939,0.0,-0.4942193,-0.19993328,14.605783744653065
5,24,1474,0.35137,0.06712,0.95,0.33333,20.1,0.48771,0.0,-0.622504,0.71802616,14.605783744653065
5,24,1474,0.42391,0.07254,1.45,0.5,21.4,0.71531,0.0,0.09183883,0.2963364,14.605783744653065
5,24,1474,0.48165,0.05774,1.95,0.5,22.1,0.71531,0.0,0.5966122,-0.05930136,14.605783744653065
5,24,1474,0.5616,0.07995,2.95,1.0,23.2,1.0079,0.0,0.932722,-0.31490815,14.605783744653065
5,24,1474,0.58597,0.02437,3.3833,0.4333,24.3,1.0513,0.0,1.3584228,-0.062786445,14.605783744653065
5,24,1474,0.63157,0.0456,4.4833,1.1,25.4,1.3114,0.0,1.716754,-0.21623431,14.605783744653065
5,24,1474,0.6671,0.0355300000000001,5.9833,1.5,26.1,1.4848,0.0,1.866662,-0.23769091,14.605783744653065
5,24,1474,0.67895,0.01185,6.9833,1.0,26.1,0.85621,0.0,1.7987645,-0.40738022,14.605783744653065
5,24,1474,0.68783,0.00888,7.9833,1.0,25.9,0.62861,0.0,1.7196374,-0.3879795,14.605783744653065
5,24,1474,0.69523,0.0073999999999999,10.483,2.4997,23.9,0.9971,0.0,2.0028625,-0.21436284,14.605783744653065
5,24,1474,0.70412,0.0088899999999999,13.483,3.0,19.3,1.6257,0.0,1.9602971,-0.18619584,14.605783744653065
5,24,1474,0.70412,0.0,17.483,4.0,16.2,1.5607,0.0,1.7921274,-0.0682082,14.605783744653065
5,24,1474,0.70412,0.0,21.483,4.0,14.6,1.5498,0.0,1.5986577,-0.0025896896,14.605783744653065
5,24,1474,0.71004,0.00592,23.483,2.0,19.0,0.63944,0.0,1.7231708,-0.09505664,14.605783744653065
5,24,1474,0.71596,0.00592,25.483,2.0,22.9,1.2139,0.0,2.155016,0.031216873,14.605783744653065
5,24,1474,0.72188,0.0059199999999999,27.483,2.0,26.4,1.1163,0.0,2.6246872,-0.027673827,14.605783744653065
5,24,1474,0.72188,0.0,29.533,2.05,28.2,1.6365,0.0,2.8870895,-0.0864812,14.605783744653065
5,24,1483,0.95047,0.95047,0.2,0.2,10.7,5.371,0.0,4.6488976,4.2992706,14.605783744653065
5,24,1483,1.8644,0.91393,0.36667,0.16667,10.8,5.0025,0.0,9.327722,5.208291,14.605783744653065
5,24,1483,3.8206,1.9562,0.7,0.33333,11.1,4.9132,0.0,9.639649,1.7529931,14.605783744653065
5,24,1483,5.2429,1.4223,1.0333,0.3333,11.4,4.7345,0.0,6.2081885,0.7018689,14.605783744653065
5,24,1483,6.9306,1.6877,1.5333,0.5,11.5,4.9802,0.0,2.89263,0.47529852,14.605783744653065
5,24,1483,7.4295,0.4989,1.7,0.1667,11.8,4.6675,0.0,2.8295848,1.160767,14.605783744653065
5,24,1483,9.7991,2.3696,2.6167,0.9167,12.3,4.4553,0.0,4.6567616,1.255888,14.605783744653065
5,24,1483,12.193,2.3939,4.1167,1.5,12.9,4.4218,0.0,5.3718715,0.44577336,14.605783744653065
5,24,1483,13.2,1.007,6.1167,2.0,12.1,3.1936,0.0,5.3311563,-0.029747473,14.605783744653065
5,24,1483,13.352,0.152000000000001,8.45,2.3333,8.6,1.6749,0.0,4.7041855,0.064930454,14.605783744653065
5,24,1483,13.754,0.401999999999999,12.45,4.0,4.8,0.8598,0.0,4.8270154,0.75903535,14.605783744653065
5,24,1483,13.979,0.225,16.45,4.0,0.9,0.52481,0.0,4.709906,0.29897213,14.605783744653065
5,24,1483,14.098,0.119000000000002,20.45,4.0,-0.8,0.24566,0.0,4.777058,-0.26568723,14.605783744653065
5,24,1483,14.418,0.319999999999999,23.45,3.0,4.4,0.42432,0.0,5.576942,-0.12260257,14.605783744653065
5,24,1483,14.853,0.435,26.45,3.0,11.2,0.80397,0.0,6.9962287,0.38551474,14.605783744653065
5,24,1483,15.208,0.355,29.45,3.0,14.4,0.87097,0.0,8.137335,0.40423918,14.605783744653065
5,24,1483,15.377,0.169,32.45,3.0,10.8,0.64764,0.0,8.616657,-0.04817687,14.605783744653065
5,24,1483,15.484,0.106999999999999,36.45,4.0,4.5,0.31266,0.0,8.6370125,-0.39318895,14.605783744653065
5,24,1483,15.484,0.0,40.45,4.0,1.8,0.29032,0.0,8.590272,-0.43206918,14.605783744653065
5,24,1483,15.484,0.0,44.45,4.0,0.3,0.26799,0.0,8.722237,-0.41097832,14.605783744653065
5,24,1484,0.49789,0.49789,0.15,0.15,17.1,0.3721,0.0,3.2277417,3.41592,14.605783744653065
5,24,1484,1.0279,0.53001,0.31667,0.16667,17.4,0.49614,0.0,5.3200355,2.8325536,14.605783744653065
5,24,1484,1.7721,0.7442,0.65,0.33333,17.9,0.64272,0.0,4.2641664,1.1654623,14.605783744653065
5,24,1484,2.2379,0.4658,0.98333,0.33333,18.4,0.58634,0.0,2.7905972,1.1059884,14.605783744653065
5,24,1484,2.7176,0.4797,1.4833,0.49997,18.9,0.654,0.0,2.0775478,1.1229904,14.605783744653065
5,24,1484,3.1914,0.4738,1.9833,0.5,19.5,0.51869,0.0,2.6014564,0.8338747,14.605783744653065
5,24,1484,4.3225,1.1311,2.9833,1.0,20.6,0.71038,0.0,3.2304864,0.71878827,14.605783744653065
5,24,1484,6.33,2.0075,4.9833,2.0,22.2,1.1614,0.0,3.8665738,0.31797886,14.605783744653065
5,24,1484,6.8186,0.4886,7.9833,3.0,23.1,1.0712,0.0,4.440936,0.4750389,14.605783744653065
5,24,1484,7.1502,0.3316,11.983,3.9997,19.7,0.49614,0.0,4.521954,-0.17848133,14.605783744653065
5,24,1484,7.2686,0.1184,15.983,4.0,14.2,0.34955,0.0,4.0311584,-0.45028913,14.605783744653065
5,24,1484,7.3397,0.0710999999999995,19.983,4.0,12.3,0.33828,0.0,3.6366253,-0.38828218,14.605783744653065
5,24,1484,7.6861,0.3464,22.983,3.0,16.2,0.45103,0.0,4.0669904,-0.18674146,14.605783744653065
5,24,1484,8.5833,0.8972,25.983,3.0,21.7,0.92462,0.0,5.1351247,0.06866135,14.605783744653065
5,24,1484,9.0985,0.5152,28.983,3.0,25.6,1.4997,0.0,6.0776725,0.16013767,14.605783744653065
5,24,1484,9.3561,0.2576,31.983,3.0,27.6,2.3116,0.0,6.637713,0.1575587,14.605783744653065
5,24,1484,9.4982,0.142100000000001,35.983,4.0,20.0,2.7175,0.0,6.2276855,-0.17335819,14.605783744653065
5,24,1484,9.593,0.0947999999999993,39.983,4.0,14.2,1.2742,0.0,5.308509,-0.4825487,14.605783744653065
5,24,1484,9.664,0.0709999999999997,43.983,4.0,12.8,0.68783,0.0,4.7365613,-0.4384408,14.605783744653065
5,24,1484,10.49,0.826000000000001,46.983,3.0,13.2,3.0558,0.0,4.8079505,-0.13815151,14.605783744653065
5,24,1524,0.260864,0.260864,2.0,2.0,11.904,1.9621,0.0,11.753817,11.739358,14.605783744653065
5,24,1524,1.36879,1.107926,4.0,2.0,13.137,0.78269,0.0,23.748302,12.374406,14.605783744653065
5,24,1524,2.73649,1.3677,6.0,2.0,14.577,1.8549,0.0,23.585451,3.4783218,14.605783744653065
5,24,1524,4.52889,1.7924,8.0,2.0,14.697,2.8842,0.0,16.542986,-3.3318017,14.605783744653065
5,24,1524,5.21729,0.6884,10.0,2.0,12.001,2.2837,0.0,18.107082,2.3446803,14.605783744653065
5,24,1524,5.27719,0.0598999999999998,12.0,2.0,8.618,1.2437,0.0,23.239416,4.773681,14.605783744653065
5,24,1524,5.38999,0.1128,16.0,4.0,5.437,0.26804,0.0,29.003662,4.9171824,14.605783744653065
5,24,1524,5.50429,0.1143,20.0,4.0,5.616,0.21444,0.0,32.1614,2.7572947,14.605783744653065
5,24,1524,5.68789,0.1836,24.0,4.0,10.075,0.56825,0.0,33.778305,2.4551103,14.605783744653065
5,24,1524,6.09589,0.407999999999999,32.0,8.0,13.738,1.8656,0.0,36.03314,3.9368124,14.605783744653065
5,24,1524,6.12259,0.0266999999999999,40.0,8.0,6.636,0.55753,0.0,37.822952,2.9608445,14.605783744653065
5,24,1524,6.10609,-0.0164999999999997,48.0,8.0,9.534,0.21444,0.0,39.438725,2.0766633,14.605783744653065
5,24,1524,6.04089,-0.0651999999999999,56.0,8.0,13.834,2.3266,0.0,42.003468,2.086028,14.605783744653065
5,24,1524,6.05949,0.0186000000000002,64.0,8.0,10.932,0.87919,0.0,43.900146,0.94413567,14.605783744653065
5,24,1524,6.08949,0.0300000000000002,72.0,8.0,10.149,0.87919,0.0,44.638184,0.332433,14.605783744653065
5,24,1524,6.01129,-0.0782000000000007,80.0,8.0,10.149,0.27877,0.4,43.977757,-0.29367185,14.605783744653065
5,24,1524,5.93979,-0.0714999999999995,88.0,8.0,9.485,0.8363,0.2,42.80143,-0.6532619,14.605783744653065
5,24,1524,5.83429,-0.1055,96.0,8.0,9.829,0.27877,0.0,42.056583,-0.76617885,14.605783744653065
5,24,1524,5.77539,-0.0589000000000004,104.0,8.0,11.248,0.90063,0.0,42.864796,0.13146783,14.605783744653065
5,24,1524,5.77569,0.0003000000000001,112.0,8.0,10.32,0.54681,0.2,44.31992,0.4070828,14.605783744653065
5,24,1524,5.77679,0.0011000000000001,120.0,8.0,11.029,0.21444,0.2,45.067764,0.28317046,14.605783744653065
5,24,1524,5.78059,0.0038,128.0,8.0,11.346,1.3724,0.4,45.024075,0.09675242,14.605783744653065
5,24,1524,5.78169,0.0011000000000001,136.0,8.0,10.956,0.62186,0.4,44.549816,-0.25195003,14.605783744653065
5,24,1524,5.78269,0.0010000000000003,144.0,8.0,11.977,0.33237,0.0,44.113285,-0.3850186,14.605783744653065
5,24,1524,5.76339,-0.0193000000000003,152.0,8.0,16.439,1.4474,0.0,44.285904,-0.35267282,14.605783744653065
5,24,1524,5.76319,-0.0002000000000004,160.0,8.0,10.1,0.31093,0.0,45.08168,-0.4110682,14.605783744653065
5,24,1524,5.76839,0.0052000000000003,168.0,8.0,14.17,0.19299,0.0,45.62178,-0.50243735,14.605783744653065
5,24,1524,5.73409,-0.0343,176.0,8.0,17.629,1.6619,0.0,46.100365,-0.30924296,14.605783744653065
5,24,1533,0.0,0.0,6.4167,6.4167,12.99,2.14,0.0,5.0913053,4.1748476,14.605783744653065
5,24,1533,0.0,0.0,9.6333,3.2166,12.84,2.3624,0.0,4.0990424,-0.06638341,14.605783744653065
5,24,1533,0.02322,0.02322,21.25,11.6167,11.28,0.92808,0.0,4.104943,-0.27644995,14.605783744653065
5,24,1533,0.0481,0.02488,46.117,24.867,12.18,1.7871,0.0,6.8796678,0.9248836,14.605783744653065
5,24,1533,0.0481,0.0,69.983,23.866,12.1,1.2809,0.0,2.7789185,-2.4635837,14.605783744653065
5,24,1533,0.0962,0.0481,94.017,24.034,12.84,1.1965,0.0,-0.815323,-1.663985,14.605783744653065
5,24,1695,1.6691,1.6691,1.05,1.05,12.2,1.1936,0.0,1.794441,1.8966805,14.605783744653065
5,24,1695,4.3212,2.6521,3.15,2.1,12.8,2.5577,0.0,4.24649,2.6747437,14.605783744653065
5,24,1695,7.3665,3.0453,6.02,2.87,12.9,3.5807,0.069686,6.5678687,2.8728514,14.605783744653065
5,24,1695,10.218,2.8515,23.99,17.97,11.1,5.0301,0.022259,12.657958,4.2971754,14.605783744653065
5,24,1695,15.99,5.772,48.07,24.08,10.8,3.1545,0.0,15.794475,2.5072143,14.605783744653065
5,24,1695,21.066,5.076,95.95,47.88,11.4,2.8987,0.0,18.079922,2.0708885,14.605783744653065
5,24,1695,26.417,5.351,167.97,72.02,12.3,2.8134,0.0013885,21.608007,1.5034707,14.605783744653065
5,24,1702,1.7646,1.7646,1.05,1.05,10.3,3.8045,0.57143,2.6539807,2.5573502,14.605783744653065
5,24,1702,5.5221,3.7575,2.98,1.93,10.3,3.8872,0.56995,6.9552145,4.777693,14.605783744653065
5,24,1702,13.139,7.6169,6.08,3.1,10.6,4.7969,0.096774,10.023759,4.5286202,14.605783744653065
5,24,1702,18.682,5.543,24.05,17.97,10.5,4.8797,0.0,17.16692,5.5875764,14.605783744653065
5,24,1702,23.273,4.591,48.07,24.02,9.0,2.1504,0.0083264,24.220388,4.7588506,14.605783744653065
5,24,1702,30.267,6.994,120.1,72.03,8.8,2.6466,0.0,32.199783,4.1111345,14.605783744653065
5,24,1702,40.044,9.777,168.1,48.0,8.9,3.5564,0.0,36.3565,4.411629,14.605783744653065
5,24,1707,8.97,8.97,1.0,1.0,19.8,1.9609,0.0,2.7026186,3.0618236,14.605783744653065
5,24,1707,19.662,10.692,2.98,1.98,20.8,2.0461,0.0,5.976114,4.169477,14.605783744653065
5,24,1707,23.142,3.48,5.98,3.0,21.9,2.3872,0.0,9.204093,3.9542801,14.605783744653065
5,24,1707,27.247,4.105,23.96,17.98,15.9,2.3872,0.0,16.445845,4.3594403,14.605783744653065
5,24,1707,29.407,2.16,47.96,24.0,16.8,2.2167,0.0,20.445007,2.7279649,14.605783744653065
5,24,1707,31.106,1.699,95.96,48.0,12.7,2.3019,0.0020833,23.476683,2.3210437,14.605783744653065
5,24,1707,34.223,3.117,167.96,72.0,12.2,2.0461,0.0,26.313963,2.2330778,14.605783744653065
5,24,1711,10.767,10.767,2.02,2.02,15.8,3.8365,0.09901,8.034869,7.495541,14.605783744653065
5,24,1711,12.921,2.154,4.02,2.0,15.8,2.8987,0.0,15.10428,7.7683187,14.605783744653065
5,24,1711,15.967,3.046,8.07,4.05,15.8,2.6429,0.024691,18.549139,3.4300683,14.605783744653065
5,24,1711,17.707,1.74,12.05,3.98,16.2,3.4102,0.20101,18.456564,1.4597223,14.605783744653065
5,24,1711,19.012,1.305,24.05,12.0,16.8,4.007,0.016667,20.552183,2.5663345,14.605783744653065
5,24,1749,1.2673,1.2673,0.95,0.95,15.1,2.1229,0.0,1.2903384,1.779841,14.605783744653065
5,24,1749,3.7273,2.46,2.95,2.0,16.1,2.2862,0.0,4.2360287,2.907368,14.605783744653065
5,24,1749,6.756,3.0287,6.0,3.05,16.9,2.6128,0.0,5.592464,2.526578,14.605783744653065
5,24,1749,10.059,3.303,24.05,18.05,13.4,2.0413,0.0,7.8545737,2.434527,14.605783744653065
5,24,1749,12.454,2.395,48.0,23.95,13.9,2.2862,0.0041754,8.4216795,1.9565653,14.605783744653065
5,24,1749,12.55,0.0960000000000001,96.05,48.05,12.7,1.878,0.0020812,10.029917,1.2128928,14.605783744653065
5,24,1749,12.55,0.0,168.12,72.07,14.4,2.6945,0.0,10.840525,-0.37275404,14.605783744653065
5,24,2233,10.02334943788,10.02334943788,1.8333,1.8333,33.3,2.1555,0.0,9.4252,9.903148,14.605783744653065
5,24,2233,24.22134943788,14.198,3.8333,2.0,34.1,0.88707,0.0,22.65166,10.312918,14.605783744653065
5,24,2233,30.98234943788,6.761,5.8333,2.0,34.9,0.94339,0.0,30.473085,7.7951083,14.605783744653065
5,24,2233,33.96034943788,2.978,7.8333,2.0,34.6,0.85978,0.0,34.242462,3.2290683,14.605783744653065
5,24,2233,35.84534943788,1.885,9.8333,2.0,30.9,0.5859,0.0,36.075615,1.0506124,14.605783744653065
5,24,2233,36.25034943788,0.405000000000001,11.833,1.9997,27.1,0.40629,0.0,36.707634,1.0224018,14.605783744653065
5,24,2233,37.13334943788,0.883000000000003,15.833,4.0,23.3,0.43827,0.0,37.15828,1.2498124,14.605783744653065
5,24,2233,37.95834943788,0.824999999999996,19.833,4.0,22.8,0.12966,0.0,37.579346,0.81925035,14.605783744653065
5,24,2233,39.13434943788,1.176,23.833,4.0,30.9,0.12211,0.0,38.758457,0.9713607,14.605783744653065
5,24,2233,40.28434943788,1.15,31.833,8.0,25.1,2.4535,0.0,40.931816,1.2336817,14.605783744653065
5,24,2233,40.34834943788,0.0640000000000001,39.833,8.0,20.2,0.37713,0.0,41.14725,-0.0033385623,14.605783744653065
5,24,2233,40.41434943788,0.0660000000000025,47.833,8.0,24.7,1.195,0.0,40.376545,-0.027898299,14.605783744653065
5,24,2233,40.51034943788,0.0959999999999965,55.833,8.0,29.2,1.1564,0.0,40.818817,0.76317596,14.605783744653065
5,24,2233,40.53134943788,0.0210000000000008,63.833,8.0,19.7,0.52399,0.0,41.13561,0.004300369,14.605783744653065
5,24,2233,40.54934943788,0.0180000000000007,71.833,8.0,24.3,1.7485,0.0,40.570942,-0.10407971,14.605783744653065
5,24,2233,40.57834943788,0.0290000000000035,79.833,8.0,29.1,1.2466,0.0,40.674797,0.08272101,14.605783744653065
5,24,2233,40.58434943788,0.0060000000000002,87.833,8.0,19.0,1.4824,0.0,40.962456,-0.050448164,14.605783744653065
5,24,2233,40.59134943788,0.0069999999999979,95.833,8.0,24.6,1.9508,0.0,40.80429,-0.26043582,14.605783744653065
5,24,2233,40.61334943788,0.0219999999999985,103.83,7.997,27.0,1.4476,0.0,40.850346,0.056054607,14.605783744653065
5,24,2233,40.61834943788,0.0050000000000025,111.83,8.0,18.1,0.42632,0.0,40.617523,-0.22873662,14.605783744653065
5,24,2233,40.64234943788,0.0240000000000009,119.83,8.0,22.8,2.6576,0.0,40.69569,0.096685186,14.605783744653065
5,24,2233,40.65534943788,0.0129999999999981,127.83,8.0,23.1,3.1541,0.0,41.09764,0.26601434,14.605783744653065
5,24,2233,40.65634943788,0.0009999999999976,129.83,2.00000000000001,23.2,2.6083,0.0,41.55794,0.25600457,14.605783744653065
5,24,2445,3.0066,3.0066,22.883,22.883,5.98,1.3389,0.6,15.566939,13.814866,14.605783744653065
5,24,2445,3.2245,0.2179,45.383,22.5,4.68,1.1647,0.062222,12.736983,3.045756,14.605783744653065
5,24,2445,3.8798,0.6553,144.13,98.747,10.6,1.8069,0.0040506,16.745253,7.667309,14.605783744653065
5,24,2446,0.20307,0.20307,22.45,22.45,5.98,1.3389,0.6,13.3443775,12.117175,14.605783744653065
5,24,2446,0.20973,0.00666,44.95,22.5,4.68,1.1647,0.062222,8.718517,0.3313129,14.605783744653065
5,24,2446,0.088439,-0.121291,143.7,98.75,10.6,1.8069,0.0040506,8.813684,6.156956,14.605783744653065
5,24,2455,0.43334,0.43334,18.0,18.0,1.61,1.0591,0.0,9.891824,8.491832,14.605783744653065
5,24,2455,1.3964,0.96306,47.5,29.5,5.07,2.3713,0.0,8.420602,1.5805203,14.605783744653065
5,24,2455,1.9381,0.5417,145.5,98.0,8.4,1.8127,0.19592,6.7709556,4.6356153,14.605783744653065
5,24,2536,1.6002,1.6002,1.0,1.0,12.61,2.7661,0.0,-1.2951453,-0.44213963,14.605783744653065
5,24,2536,5.8478,4.2476,3.0,2.0,15.99,3.4739,0.0,0.5014113,0.40166473,14.605783744653065
5,24,2536,10.063,4.2152,6.0167,3.0167,18.0,4.4811,0.0,1.1400166,0.79516226,14.605783744653065
5,24,2536,13.172,3.109,9.0167,3.0,17.87,5.105,0.0,1.3212109,1.2303287,14.605783744653065
5,24,2536,16.441,3.269,24.333,15.3163,11.91,2.9343,0.0,4.4079385,1.5955648,14.605783744653065
5,24,2536,18.945,2.504,47.683,23.35,12.59,2.7996,0.0,5.1055408,0.5731752,14.605783744653065
5,24,2536,19.722,0.777000000000001,71.733,24.05,12.45,2.1603,0.0,5.976231,-0.012160527,14.605783744653065
5,24,2536,20.458,0.735999999999997,95.367,23.634,10.43,3.2293,0.0,4.4935794,-0.29328108,14.605783744653065
5,24,2568,3.9011,3.9011,1.0667,1.0667,12.38,1.8165,0.0,3.6869075,3.2335002,14.605783744653065
5,24,2568,8.2811,4.38,3.0,1.9333,15.68,2.4032,0.0,6.891094,3.4635723,14.605783744653065
5,24,2568,14.788,6.5069,5.9833,2.9833,18.46,2.4143,0.0,9.477105,2.7373402,14.605783744653065
5,24,2568,17.815,3.027,8.6333,2.65,18.46,2.6741,0.0,13.239328,1.8009008,14.605783744653065
5,24,2568,19.837,2.022,22.5,13.8667,10.89,0.69058,0.0,14.832346,0.8636119,14.605783744653065
5,24,2568,21.577,1.74,48.05,25.55,10.83,1.1422,0.0,15.777209,1.9117541,14.605783744653065
5,24,2568,22.991,1.414,80.933,32.883,12.82,1.9251,0.0,17.187422,2.0450406,14.605783744653065
5,24,2568,26.48,3.489,96.6,15.667,10.81,3.6295,0.0,14.274126,-1.0159153,14.605783744653065
5,24,2578,3.9373,3.9373,1.15,1.15,17.59,3.3001,0.0,2.9540544,3.495432,14.605783744653065
5,24,2578,10.164,6.2267,3.0667,1.9167,19.18,3.7877,0.0,5.2439957,3.9764636,14.605783744653065
5,24,2578,15.544,5.38,6.0833,3.0166,20.37,3.9166,0.0,8.491184,4.7196436,14.605783744653065
5,24,2578,17.313,1.769,8.9833,2.9,19.09,2.8662,0.0,10.752382,1.7191284,14.605783744653065
5,24,2578,18.822,1.509,20.4,11.4167,10.45,1.7737,0.0,12.318678,0.947644,14.605783744653065
5,24,2578,21.984,3.162,45.317,24.917,16.2,1.4089,0.0,18.328022,3.42594,14.605783744653065
5,24,2578,24.557,2.573,68.267,22.95,17.48,2.0933,0.0,20.712824,1.1357868,14.605783744653065
5,24,2783,0.4683,0.4683,1.0333,1.0333,14.77,1.1852,0.0,-0.2164079,-0.0076942313,14.605783744653065
5,24,2783,2.8629,2.3946,3.1,2.0667,16.59,2.2751,0.0,1.2739787,0.8587122,14.605783744653065
5,24,2783,6.7998,3.9369,6.2,3.1,17.79,3.5407,0.0,2.896615,1.3207622,14.605783744653065
5,24,2783,9.1319,2.3321,8.95,2.75,17.48,3.6824,0.0,2.8453674,0.6411209,14.605783744653065
5,24,2783,10.317,1.1851,23.083,14.133,12.1,1.8988,0.0,3.308287,0.8040441,14.605783744653065
5,24,2783,11.616,1.299,47.05,23.967,13.66,2.3994,0.0,3.5447726,0.46949565,14.605783744653065
5,24,2783,12.235,0.619,71.5,24.45,17.98,2.4058,0.0,4.247533,0.37762445,14.605783744653065
5,24,2783,12.647,0.412000000000001,94.017,22.517,16.01,3.2287,0.0,4.122358,0.19858493,14.605783744653065
5,24,2785,0.57692,0.57692,0.88333,0.88333,15.11,1.4417,0.0,-0.5301113,-0.19390105,14.605783744653065
5,24,2785,2.5561,1.97918,3.05,2.16667,16.94,2.5093,0.0,0.793167,0.6286404,14.605783744653065
5,24,2785,5.1193,2.5632,6.1167,3.0667,17.82,3.6401,0.0,1.9422193,0.9958259,14.605783744653065
5,24,2785,6.4972,1.3779,8.9167,2.8,17.35,3.6615,0.0,1.96975,0.56400347,14.605783744653065
5,24,2785,7.3282,0.831,22.917,14.0003,11.98,1.8751,0.0,2.6540427,0.5445277,14.605783744653065
5,24,2785,8.315,0.9868,47.367,24.45,13.72,2.3139,0.0,2.7967055,0.17184485,14.605783744653065
5,24,2785,8.7959,0.4809,71.517,24.15,17.96,2.5395,0.0,3.4853468,0.15189369,14.605783744653065
5,24,2785,9.0231,0.2272,93.8,22.283,15.9,3.1575,0.0,3.6771283,0.27632767,14.605783744653065
5,24,2797,0.78154,0.78154,0.98333,0.98333,6.55,5.0475,0.0,1.0345595,1.2028126,14.605783744653065
5,24,2797,4.1388,3.35726,3.0333,2.04997,7.61,6.4362,0.0,3.1399229,1.6962631,14.605783744653065
5,24,2797,9.4444,5.3056,6.9833,3.95,9.33,6.72,0.0,5.151927,2.089725,14.605783744653065
5,24,2797,10.823,1.3786,10.367,3.3837,9.43,6.9453,0.0,5.6665773,2.0648189,14.605783744653065
5,24,2797,11.453,0.629999999999999,23.667,13.3,3.19,2.0998,0.0,5.9881215,0.8220753,14.605783744653065
5,24,2797,12.426,0.973000000000001,46.7,23.033,6.4,1.5994,0.0,5.7504783,0.90074706,14.605783744653065
5,24,2813,0.16292,0.16292,0.98333,0.98333,12.54,1.1045,0.0,1.1823161,1.3457885,14.605783744653065
5,24,2813,0.80895,0.64603,2.9833,1.99997,16.07,1.2554,0.0,3.370675,1.6297348,14.605783744653065
5,24,2813,2.2113,1.40235,6.0167,3.0334,16.81,2.5722,0.0,4.6032047,1.6339456,14.605783744653065
5,24,2813,3.5199,1.3086,10.533,4.5163,17.14,3.0026,0.0,5.276822,1.3040448,14.605783744653065
5,24,2813,3.984,0.4641,22.867,12.334,12.7,0.77916,0.0,5.4073977,0.78136516,14.605783744653065
5,24,2813,5.1048,1.1208,47.533,24.666,13.47,1.5193,0.0,6.137535,1.564256,14.605783744653065
5,24,2831,3.1538,3.1538,1.0,1.0,18.5,3.5679,0.0,4.675507,4.4556127,14.605783744653065
5,24,2831,5.0747,1.9209,3.0667,2.0667,18.89,2.9958,0.0,7.496397,3.9914377,14.605783744653065
5,24,2831,6.3327,1.258,6.0833,3.0166,20.88,3.5435,0.0,9.432583,2.7927074,14.605783744653065
5,24,2831,6.98,0.6473,8.9833,2.9,20.62,3.6434,0.0,10.985935,2.3455765,14.605783744653065
5,24,2831,7.0497,0.0696999999999992,22.433,13.4497,13.18,1.1234,0.0,12.374018,0.8718713,14.605783744653065
5,24,2831,7.6285,0.5788,34.467,12.034,22.63,1.7801,0.0,13.504001,0.840468,14.605783744653065
5,24,2831,7.8097,0.1812,47.067,12.6,15.17,1.6745,0.0,11.899733,-0.7656586,14.605783744653065
5,24,2831,8.0472,0.2375,58.133,11.066,22.67,2.5993,0.0,10.865103,-0.43901712,14.605783744653065
5,24,2834,0.74351,0.74351,1.0667,1.0667,13.47,1.6716,0.0,0.104856245,0.12734987,14.605783744653065
5,24,2834,1.5459,0.80239,3.1167,2.05,14.63,1.9552,0.0,1.2692068,0.5560676,14.605783744653065
5,24,2834,2.3172,0.7713,6.35,3.2333,14.3,2.2978,0.0,2.1637704,0.60141814,14.605783744653065
5,24,2834,2.4011,0.0838999999999999,9.1667,2.8167,11.19,1.3094,0.0,1.0586368,-0.09609084,14.605783744653065
5,24,2834,2.516,0.1149,22.25,13.0833,8.57,1.2014,0.0,1.7285643,0.47801268,14.605783744653065
5,24,2834,2.81,0.294,33.283,11.033,12.75,2.2193,0.0,3.1276684,0.38535446,14.605783744653065
5,24,2834,3.2453,0.4353,46.317,13.034,12.78,2.4842,0.0,4.588804,1.1505157,14.605783744653065
5,24,2834,3.2453,0.0,69.867,23.55,15.54,2.0364,0.0,5.2623873,1.1336749,14.605783744653065
5,24,2835,2.4593,2.4593,0.96667,0.96667,11.11,6.8593,0.0,2.0814238,2.2579865,14.605783744653065
5,24,2835,6.26,3.8007,3.05,2.08333,10.48,6.6867,0.0,4.8432436,3.420579,14.605783744653065
5,24,2835,9.598,3.338,6.1667,3.1167,9.93,7.1843,0.0,7.4447327,3.195355,14.605783744653065
5,24,2835,13.21,3.612,22.617,16.4503,7.17,5.0395,0.0,13.08947,4.16806,14.605783744653065
5,24,2835,13.748,0.537999999999998,31.183,8.566,8.3,5.8016,0.0,14.503526,1.0634108,14.605783744653065
5,24,2836,2.2118,2.2118,1.0,1.0,10.91,6.5507,0.0,1.195273,1.5780641,14.605783744653065
5,24,2836,7.3026,5.0908,3.0333,2.0333,11.08,6.8327,0.0,3.5468419,2.307211,14.605783744653065
5,24,2836,9.8654,2.5628,6.0667,3.0334,10.13,7.044,0.0,5.9816976,3.4461424,14.605783744653065
5,24,2836,10.973,1.1076,22.817,16.7503,7.29,5.1526,0.0,10.41989,3.5857177,14.605783744653065
5,24,2836,10.973,0.0,31.883,9.066,8.28,5.6759,0.0,11.040278,1.1097978,14.605783744653065
5,24,2848,3.1369,3.1369,1.0167,1.0167,20.75,2.5749,0.0,1.484056,2.0005596,14.605783744653065
5,24,2848,7.1915,4.0546,3.0667,2.05,23.86,2.8647,0.0,3.8877037,2.7619874,14.605783744653065
5,24,2848,8.2729,1.0814,6.2667,3.2,24.38,2.64,0.0,5.7249293,2.313607,14.605783744653065
5,24,2848,8.547,0.274100000000001,10.067,3.8003,22.39,2.3673,0.0,6.0426297,1.2021226,14.605783744653065
5,24,2848,8.7497,0.2027,22.433,12.366,16.73,3.2422,0.0,6.1230035,1.1071703,14.605783744653065
5,24,2848,9.2466,0.4969,33.817,11.384,21.0,4.6589,0.0,6.60311,1.1476636,14.605783744653065
5,24,2848,9.2466,0.0,47.0,13.183,15.4,4.4112,0.0,6.5881677,0.14388594,14.605783744653065
5,24,2848,9.2466,0.0,56.5,9.5,18.51,4.4218,0.0,6.6540313,-0.3459424,14.605783744653065
5,24,2849,0.87068,0.87068,1.0167,1.0167,20.27,2.0584,0.0,0.21632409,1.039933,14.605783744653065
5,24,2849,2.1538,1.28312,3.1333,2.1166,21.79,2.7306,0.0,1.6869764,1.2407525,14.605783744653065
5,24,2849,2.613,0.4592,7.1,3.9667,24.71,2.8966,0.0,3.7785397,1.9211053,14.605783744653065
5,24,2849,2.7917,0.1787,11.433,4.333,22.38,2.3511,0.0,4.6197925,0.7419546,14.605783744653065
5,24,2849,2.7917,0.0,24.017,12.584,16.68,3.2792,0.0,4.2164454,0.5800764,14.605783744653065
5,24,2849,2.7917,0.0,35.367,11.35,21.06,4.6438,0.0,4.210896,0.34657562,14.605783744653065
5,24,2849,2.7917,0.0,48.583,13.216,15.39,4.4597,0.0,4.3041353,0.117203996,14.605783744653065
5,24,2849,2.7917,0.0,57.467,8.884,18.58,4.3854,0.0,4.1158977,-0.10996623,14.605783744653065
5,24,2856,3.677,3.677,1.0167,1.0167,17.09,4.2518,0.0,1.4195555,1.7833803,14.605783744653065
5,24,2856,6.5463,2.8693,3.0333,2.0166,17.15,3.8655,0.0,3.5891633,2.3625405,14.605783744653065
5,24,2856,8.3602,1.8139,6.05,3.0167,17.12,2.6718,0.0,4.92637,1.894515,14.605783744653065
5,24,2856,8.7033,0.3431,10.717,4.667,12.87,0.89881,0.0,4.592481,0.5730791,14.605783744653065
5,24,2856,9.3488,0.6455,20.85,10.133,11.53,1.3942,0.0,4.356706,0.91580874,14.605783744653065
5,24,2856,10.593,1.2442,34.183,13.333,18.21,4.138,0.0,5.363068,1.3532926,14.605783744653065
5,24,2856,10.68,0.0869999999999997,44.433,10.25,16.7,3.0631,0.0,5.8303313,0.103436545,14.605783744653065
5,24,2856,11.365,0.685,69.15,24.717,16.46,2.1638,0.0,6.4628987,0.7511965,14.605783744653065
5,24,2856,11.365,0.0,94.833,25.683,18.78,3.1024,0.0,6.520018,0.2806883,14.605783744653065
5,24,3118,1.6135,1.6135,0.5,0.5,8.9,5.1,0.0,4.2662344,4.125751,14.605783744653065
5,24,3118,4.3493,2.7358,1.5,1.0,9.3,5.3,0.0,11.742557,7.751639,14.605783744653065
5,24,3118,9.5404,5.1911,3.8,2.3,10.2,6.6,0.0,16.783213,5.7418323,14.605783744653065
5,24,3118,12.908,3.3676,6.1,2.3,10.5,7.6,0.0,19.162071,5.3389482,14.605783744653065
5,24,3118,15.012,2.104,9.0,2.9,9.0,7.5,0.0,24.662424,4.563331,14.605783744653065
5,24,3118,18.099,3.087,23.0,14.0,8.5,5.7,0.0,30.810055,3.9309607,14.605783744653065
5,24,3118,22.729,4.63,47.5,24.5,8.7,4.1,0.0,34.60086,3.8186865,14.605783744653065
5,24,3118,25.114,2.385,71.3,23.8,9.1,2.8,0.0,34.77543,1.8228352,14.605783744653065
5,24,3118,26.376,1.262,94.4,23.1,9.8,3.1,0.0,34.08396,1.4536014,14.605783744653065
5,24,3150,4.5661,4.5661,0.5,0.5,9.0,6.2,0.0,6.843736,6.355603,14.605783744653065
5,24,3150,14.032,9.4659,1.5,1.0,9.3,7.1,0.0,19.87039,14.190946,14.605783744653065
5,24,3150,27.285,13.253,3.0,1.5,10.7,7.0,0.0,36.250977,16.427597,14.605783744653065
5,24,3150,45.327,18.042,6.0,3.0,12.9,5.6,0.0,48.070625,12.828297,14.605783744653065
5,24,3150,57.8,12.473,10.0,4.0,11.7,3.8,0.0,51.777405,3.0626423,14.605783744653065
5,24,3150,67.155,9.355,22.7,12.7,6.6,3.2,0.0,55.405293,3.9487078,14.605783744653065
5,24,3150,77.624,10.469,46.8,24.1,7.4,2.9,0.0,58.664528,4.9129534,14.605783744653065
5,24,3150,85.865,8.241,71.2,24.4,8.4,2.2,0.0,62.833534,4.157335,14.605783744653065
5,24,3150,90.654,4.789,95.7,24.5,6.8,4.5,0.0,66.53401,3.9540021,14.605783744653065
5,24,3182,5.7412,5.7412,1.1,1.1,12.0,4.3,0.0,4.9912286,4.8060656,14.605783744653065
5,24,3182,10.256,4.5148,3.3,2.2,12.5,4.2,0.0,12.784286,8.125819,14.605783744653065
5,24,3182,13.155,2.899,6.1,2.8,14.0,4.6,0.0,18.58487,6.914632,14.605783744653065
5,24,3182,14.102,0.947000000000001,9.5,3.4,13.4,3.2,0.0,19.88674,3.650134,14.605783744653065
5,24,3182,14.771,0.669,20.5,11.0,11.2,3.2,0.0,17.801016,1.8868098,14.605783744653065
5,24,3182,14.938,0.167,25.4,4.9,11.6,1.7,0.0,16.430265,1.3484037,14.605783744653065
5,24,3182,15.161,0.222999999999999,33.0,7.6,11.4,1.4,0.0,17.893543,1.9665365,14.605783744653065
5,24,3182,15.217,0.0560000000000009,44.5,11.5,8.6,0.5,0.0,21.106928,1.1810791,14.605783744653065
5,24,3182,15.223,0.0060000000000002,56.5,12.0,8.6,1.2,0.0,23.415901,0.638749,14.605783744653065
5,24,3189,3.3058,3.3058,0.5,0.5,11.0,1.6,0.0,4.7487593,4.389832,14.605783744653065
5,24,3189,6.8156,3.5098,1.6,1.1,11.1,1.2,0.0,9.829949,6.220124,14.605783744653065
5,24,3189,10.652,3.8364,3.1,1.5,12.5,1.7,0.0,13.09474,4.638542,14.605783744653065
5,24,3189,13.998,3.346,6.2,3.1,14.2,2.1,0.0,15.987794,3.9196517,14.605783744653065
5,24,3189,14.447,0.449,8.6,2.4,13.3,2.4,0.0,18.704325,2.3441594,14.605783744653065
5,24,3189,16.774,2.327,23.8,15.2,11.1,2.6,0.0,22.62995,2.0668447,14.605783744653065
5,24,3189,19.141,2.367,47.4,23.6,12.4,5.5,0.0,25.377348,1.8321232,14.605783744653065
5,24,3189,19.467,0.326000000000001,71.4,24.0,7.6,2.9,0.0,25.948586,0.79774356,14.605783744653065
5,24,3189,19.471,0.0040000000000013,95.7,24.3,9.4,5.0,0.0,24.717268,1.0489489,14.605783744653065
5,24,3195,5.6123,5.6123,0.5,0.5,17.3,3.0,0.0,4.3597417,3.8469083,14.605783744653065
5,24,3195,10.84,5.2277,1.6,1.1,18.0,3.1,0.0,8.476912,5.078592,14.605783744653065
5,24,3195,12.99,2.15,3.4,1.8,19.1,3.4,0.0,10.860884,3.6442213,14.605783744653065
5,24,3195,14.28,1.29,6.3,2.9,19.8,4.5,0.0,12.494884,3.1365016,14.605783744653065
5,24,3195,14.619,0.339,9.0,2.7,18.3,4.2,0.0,12.480787,0.74831706,14.605783744653065
5,24,3195,14.913,0.294,20.3,11.3,12.8,2.1,0.0,12.020007,-0.0027724374,14.605783744653065
5,24,3195,16.0,1.087,45.7,25.4,19.8,3.4,0.0,12.0811405,1.3264382,14.605783744653065
5,24,3195,16.136,0.135999999999999,68.8,23.1,19.0,3.4,0.0,12.1519375,0.40159392,14.605783744653065
5,24,3195,16.271,0.135000000000002,92.7,23.9,18.9,1.3,0.0,11.905656,-0.35434562,14.605783744653065
5,24,3204,20.62,20.62,0.5,0.5,15.4,2.4,0.0,7.0133705,7.0273466,14.605783744653065
5,24,3204,41.957,21.337,1.6,1.1,16.5,2.3,0.0,23.11662,17.021122,14.605783744653065
5,24,3204,52.113,10.156,3.1,1.5,17.9,1.7,0.0,42.272865,18.664495,14.605783744653065
5,24,3204,58.986,6.873,6.1,3.0,18.6,2.2,0.0,53.204967,14.390882,14.605783744653065
5,24,3204,60.115,1.129,9.3,3.2,18.6,0.9,0.0,50.378384,3.043594,14.605783744653065
5,24,3204,61.141,1.026,21.6,12.3,13.2,0.5,0.0,46.028854,2.8904874,14.605783744653065
5,24,3204,67.501,6.36000000000001,46.0,24.4,14.5,2.9,0.0,45.325714,3.4105244,14.605783744653065
5,24,3204,69.142,1.64099999999999,70.3,24.3,12.7,1.5,0.0,46.183678,2.86305,14.605783744653065
5,24,3213,3.5495,3.5495,0.5,0.5,20.9,2.6,0.0,4.471188,3.7917387,14.605783744653065
5,24,3213,6.5386,2.9891,1.5,1.0,21.9,2.4,0.0,8.449287,4.616864,14.605783744653065
5,24,3213,8.1577,1.6191,3.0,1.5,22.8,2.3,0.0,9.835452,2.7034826,14.605783744653065
5,24,3213,9.4862,1.3285,6.0,3.0,24.7,2.0,0.0,10.470039,1.9192965,14.605783744653065
5,24,3213,9.9636,0.477399999999999,9.7,3.7,25.6,1.8,0.0,10.508561,0.46394292,14.605783744653065
5,24,3213,10.4,0.436400000000001,21.8,12.1,19.1,1.9,0.0,11.147214,0.26967153,14.605783744653065
5,24,3213,10.586,0.186,46.9,25.1,19.4,2.0,0.0,11.405376,0.81497276,14.605783744653065
5,24,3213,10.588,0.0019999999999988,71.1,24.2,15.0,2.7,0.0,10.875402,0.061104976,14.605783744653065
5,24,3213,10.591,0.0030000000000001,95.4,24.3,17.7,1.9,0.0,10.308783,-0.29853657,14.605783744653065
5,24,3215,2.1088,2.1088,0.5,0.5,15.8,2.7,0.0,3.4910953,3.0913463,14.605783744653065
5,24,3215,5.5512,3.4424,1.5,1.0,16.6,2.7,0.0,6.116118,3.4683797,14.605783744653065
5,24,3215,6.2361,0.684900000000001,3.2,1.7,15.6,2.0,0.0,7.306999,2.3043675,14.605783744653065
5,24,3215,6.885,0.648899999999999,6.1,2.9,15.4,2.3,0.0,7.4709163,1.8135691,14.605783744653065
5,24,3215,7.8583,0.9733,9.7,3.6,16.8,3.4,0.0,7.6043706,0.7715981,14.605783744653065
5,24,3215,7.9304,0.0720999999999998,20.5,10.8,8.6,1.0,0.0,7.316741,0.2892086,14.605783744653065
5,24,3215,10.147,2.2166,45.8,25.3,15.0,5.4,0.0,7.8007708,1.3807154,14.605783744653065
5,24,3215,10.526,0.379,69.9,24.1,14.1,6.0,0.0,7.9884253,0.39934337,14.605783744653065
5,24,3215,10.528,0.0020000000000006,93.6,23.7,13.7,4.3,0.0,8.004261,-0.09259762,14.605783744653065
5,24,3225,3.3742,3.3742,0.5,0.5,9.8,1.9,0.0,3.751542,3.5329397,14.605783744653065
5,24,3225,12.553,9.1788,1.5,1.0,11.2,2.5,0.0,6.90844,4.4688334,14.605783744653065
5,24,3225,17.357,4.804,3.0,1.5,12.5,2.7,0.0,9.412411,3.625205,14.605783744653065
5,24,3225,20.588,3.231,6.0,3.0,14.0,3.0,0.0,11.716468,3.2815833,14.605783744653065
5,24,3225,21.131,0.542999999999999,10.0,4.0,14.6,2.1,0.0,13.061433,1.3654144,14.605783744653065
5,24,3225,21.134,0.0030000000000001,21.4,11.4,5.1,0.4,0.0,12.189066,-0.013318466,14.605783744653065
5,24,3225,22.075,0.940999999999999,46.6,25.2,10.4,1.8,0.0,11.334216,1.0004501,14.605783744653065
5,24,3225,22.475,0.400000000000002,70.2,23.6,11.8,3.0,0.0,11.3863325,0.29948217,14.605783744653065
5,24,3225,22.904,0.428999999999998,94.7,24.5,12.5,2.4,0.0,11.466945,0.21430483,14.605783744653065
5,24,3235,4.7251,4.7251,0.5,0.5,8.5,4.2,0.0,4.4680376,4.1989856,14.605783744653065
5,24,3235,14.074,9.3489,1.5,1.0,11.7,5.9,0.0,9.760595,6.5676465,14.605783744653065
5,24,3235,20.858,6.784,3.0,1.5,13.5,6.9,0.0,15.010625,5.707278,14.605783744653065
5,24,3235,25.448,4.59,6.0,3.0,13.5,7.5,0.0,19.41072,4.8594966,14.605783744653065
5,24,3235,26.663,1.215,8.2,2.2,11.9,6.5,0.0,22.013838,1.7997313,14.605783744653065
5,24,3235,27.912,1.249,22.0,13.8,5.9,5.4,0.0,23.42881,1.4171975,14.605783744653065
5,24,3235,29.093,1.181,46.6,24.6,7.0,6.6,0.0,23.627062,1.4840622,14.605783744653065
5,24,3235,29.096,0.0030000000000001,54.4,7.8,9.4,8.7,0.0,21.661463,0.25554818,14.605783744653065
5,24,3241,3.5485,3.5485,0.5,0.5,16.4,2.7,0.0,6.603847,6.4133544,14.605783744653065
5,24,3241,10.585,7.0365,1.5,1.0,13.7,2.4,0.0,16.317633,10.350238,14.605783744653065
5,24,3241,19.366,8.781,3.0,1.5,16.3,2.8,0.0,22.58981,6.487344,14.605783744653065
5,24,3241,29.41,10.044,6.0,3.0,19.1,4.3,0.0,24.608143,3.664595,14.605783744653065
5,24,3241,32.056,2.646,11.9,5.9,16.5,3.7,0.0,26.729166,2.0834792,14.605783744653065
5,24,3241,32.658,0.602000000000004,22.4,10.5,9.1,1.9,0.0,32.059452,2.4238381,14.605783744653065
5,24,3241,35.846,3.188,47.4,25.0,11.0,3.0,0.0,37.10475,2.8063195,14.605783744653065
5,24,3241,38.311,2.465,71.9,24.5,15.0,4.7,0.0,39.501354,2.0354917,14.605783744653065
5,24,3241,39.695,1.384,95.8,23.9,17.5,5.6,0.0,38.998985,1.4864886,14.605783744653065
5,24,3242,0.27009,0.27009,0.5,0.5,13.4,2.4,0.0,0.5802858,1.055155,14.605783744653065
5,24,3242,0.8703,0.60021,1.5,1.0,14.5,2.4,0.0,2.1999278,1.2073978,14.605783744653065
5,24,3242,2.3708,1.5005,3.1,1.6,17.1,3.2,0.0,1.6249424,0.62036,14.605783744653065
5,24,3242,5.0418,2.671,5.9,2.8,19.5,4.4,0.0,2.4227936,1.4117249,14.605783744653065
5,24,3242,6.5423,1.5005,11.3,5.4,16.5,3.7,0.0,3.448395,0.6987028,14.605783744653065
5,24,3242,6.9324,0.3901,21.9,10.6,9.1,1.8,0.0,3.3152163,0.2599997,14.605783744653065
5,24,3242,7.9228,0.990399999999999,46.8,24.9,11.0,3.0,0.0,3.6540985,0.86315995,14.605783744653065
5,24,3242,8.8831,0.960300000000001,71.5,24.7,15.0,4.7,0.0,4.1433005,0.1779802,14.605783744653065
5,24,3242,9.0332,0.1501,95.2,23.7,17.5,5.5,0.0,5.5494256,0.45181125,14.605783744653065
5,24,3245,0.18892,0.18892,0.5,0.5,15.8,5.0,0.0,-0.19951928,-0.20508836,14.605783744653065
5,24,3245,0.53976,0.35084,1.5,1.0,17.0,4.8,0.0,0.81770945,0.71174824,14.605783744653065
5,24,3245,0.80964,0.26988,3.0,1.5,18.3,4.9,0.0,0.5286618,0.605343,14.605783744653065
5,24,3245,1.3224,0.51276,5.9,2.9,21.2,4.8,0.0,0.890998,0.93047947,14.605783744653065
5,24,3245,1.8892,0.5668,11.9,6.0,22.9,5.4,0.0,2.563787,0.892722,14.605783744653065
5,24,3245,1.9701,0.0809,23.3,11.4,13.4,3.1,0.0,2.9450703,0.253815,14.605783744653065
5,24,3245,2.186,0.2159,48.0,24.7,13.5,2.8,0.0,2.8373153,0.36060417,14.605783744653065
5,24,3245,2.5099,0.3239,72.2,24.2,17.2,3.9,0.0,2.781052,0.10206373,14.605783744653065
5,24,3245,2.6718,0.1619,96.5,24.3,21.1,7.3,0.0,3.7011147,0.74786305,14.605783744653065
5,24,3300,4.1821,4.1821,0.56667,0.56667,15.4,0.99239,0.0,4.5984735,4.4489217,14.605783744653065
5,24,3300,9.9745,5.7924,1.5167,0.95003,16.5,1.9001,0.0,9.440588,6.083421,14.605783744653065
5,24,3300,16.177,6.2025,2.8833,1.3666,18.5,1.9711,0.0,12.414598,4.419891,14.605783744653065
5,24,3300,21.972,5.795,5.9167,3.0334,20.9,3.1881,0.0,16.213026,4.0884137,14.605783744653065
5,24,3300,24.821,2.849,11.717,5.8003,20.9,3.2145,0.0,20.562126,3.0347807,14.605783744653065
5,24,3300,25.401,0.579999999999998,23.717,12.0,13.6,1.056,0.0,23.33759,0.8577002,14.605783744653065
5,24,3300,26.413,1.012,47.917,24.2,16.8,2.465,0.0,24.331985,0.9369217,14.605783744653065
5,24,3300,26.413,0.0,71.833,23.916,15.1,2.1963,0.0,23.97903,0.6001352,14.605783744653065
5,24,3300,27.052,0.638999999999999,96.033,24.2,16.3,2.9868,0.0,23.257408,0.716787,14.605783744653065
5,24,3305,5.5664,5.5664,0.5,0.5,18.0,2.2216,0.0,3.6721811,3.3008099,14.605783744653065
5,24,3305,9.6203,4.0539,1.3667,0.8667,19.3,2.0989,0.0,6.5563703,3.7361283,14.605783744653065
5,24,3305,12.85,3.2297,2.95,1.5833,20.3,2.1875,0.0,8.150621,2.8105962,14.605783744653065
5,24,3305,17.151,4.301,6.1,3.15,23.0,2.1439,0.0,9.892721,2.4500725,14.605783744653065
5,24,3305,18.57,1.419,10.817,4.717,26.4,2.0161,0.0,11.829551,1.4989452,14.605783744653065
5,24,3305,18.925,0.355,23.1,12.283,14.3,1.457,0.0,12.153114,-0.06883316,14.605783744653065
5,24,3305,18.925,0.0,47.917,24.817,16.8,2.5522,0.0,11.690308,0.6780087,14.605783744653065
5,24,3305,19.741,0.815999999999999,71.883,23.966,13.7,3.9358,0.0,10.910875,0.09296456,14.605783744653065
5,24,3305,20.567,0.826000000000001,99.45,27.567,16.0,2.4856,0.0,10.862042,-0.17698514,14.605783744653065
5,24,3325,0.6522,0.6522,1.0167,1.0167,18.7,3.7303,0.0,0.10409712,0.06693627,14.605783744653065
5,24,3325,2.0007,1.3485,3.0667,2.05,18.8,3.9328,0.0,0.99064255,0.4160539,14.605783744653065
5,24,3325,2.5408,0.5401,6.0167,2.95,18.4,2.9635,0.0,1.2657026,0.5006677,14.605783744653065
5,24,3325,2.931,0.3902,8.9667,2.95,19.3,2.9374,0.0,1.1787791,0.34710163,14.605783744653065
5,24,3325,3.6343,0.7033,22.733,13.7663,15.9,1.6295,0.0,2.3026812,0.37708318,14.605783744653065
5,24,3325,4.7819,1.1476,46.383,23.65,16.7,3.5882,0.0,2.7534122,0.36492848,14.605783744653065
5,24,3325,5.0531,0.271199999999999,70.7,24.317,15.3,2.4888,0.0,2.5952935,-0.16446899,14.605783744653065
5,24,3325,5.0531,0.0,97.967,27.267,15.1,2.4439,0.0,2.7038555,0.07658394,14.605783744653065
5,24,3327,2.3556,2.3556,1.1167,1.1167,19.1,3.8356,0.0,1.86178,1.9307938,14.605783744653065
5,24,3327,6.2693,3.9137,3.3,2.1833,19.1,3.9385,0.0,3.8551202,2.6884995,14.605783744653065
5,24,3327,8.5793,2.31,6.3667,3.0667,18.2,3.2171,0.0,5.673711,3.0731034,14.605783744653065
5,24,3327,9.9352,1.3559,9.1,2.7333,19.7,3.0327,0.0,6.499454,1.4441645,14.605783744653065
5,24,3327,11.823,1.8878,23.55,14.45,15.9,1.6637,0.0,8.747676,2.3851848,14.605783744653065
5,24,3327,15.006,3.183,46.817,23.267,16.8,3.5834,0.0,11.05807,2.010445,14.605783744653065
5,24,3327,16.091,1.085,70.95,24.133,15.3,2.488,0.0,13.376849,1.4779327,14.605783744653065
5,24,3327,16.702,0.611000000000001,98.183,27.233,15.1,2.4472,0.0,12.964962,0.37689725,14.605783744653065
5,24,3338,2.3795,2.3795,1.0,1.0,18.2,2.2547,0.0,1.0883625,1.241049,14.605783744653065
5,24,3338,3.6549,1.2754,2.95,1.95,20.4,2.565,0.0,2.9157722,1.9723177,14.605783744653065
5,24,3338,6.9231,3.2682,6.1,3.15,24.5,2.7524,0.0,4.9755883,2.5470579,14.605783744653065
5,24,3338,8.3968,1.4737,9.0,2.9,24.9,2.5729,0.0,5.0583463,1.0525475,14.605783744653065
5,24,3338,9.3895,0.992699999999999,23.05,14.05,14.4,0.94382,0.0,5.538542,1.3068727,14.605783744653065
5,24,3338,10.595,1.2055,46.817,23.767,18.7,1.8531,0.0,6.0914283,0.72414386,14.605783744653065
5,24,3338,11.142,0.546999999999999,70.783,23.966,18.1,2.5011,0.0,6.7262793,0.6163335,14.605783744653065
5,24,3338,11.142,0.0,96.017,25.234,19.2,2.7097,0.0,6.512607,0.28512573,14.605783744653065
5,24,3360,2.838,2.838,1.05,1.05,9.79,2.3066,0.0,0.84516263,0.5048108,14.605783744653065
5,24,3360,7.5792,4.7412,3.0667,2.0167,12.47,1.8035,0.0,2.6934936,1.8901346,14.605783744653065
5,24,3360,10.599,3.0198,6.0833,3.0166,16.18,1.2569,0.0,5.160627,2.1627676,14.605783744653065
5,24,3360,10.848,0.249000000000001,8.5167,2.4334,14.98,0.42688,0.0,6.1269813,1.1389544,14.605783744653065
5,24,3360,11.261,0.412999999999998,22.6,14.0833,4.39,0.49573,0.0,7.934688,2.4168105,14.605783744653065
5,24,3360,16.928,5.667,46.783,24.183,7.03,2.1077,0.0,9.090512,1.8497267,14.605783744653065
5,24,3360,16.928,0.0,72.183,25.4,7.61,1.8517,0.0,12.304868,2.1286905,14.605783744653065
5,24,3360,16.928,0.0,95.367,23.184,7.11,2.3985,0.0,12.419739,0.89474,14.605783744653065
